Peptide,Found,Entries
AATVGSLAGQPLQER,True,sp|P02649|APOE_HUMAN Apolipoprotein E OS=Homo sapiens OX=9606 GN=APOE PE=1 SV=1
ADLFYDVEALDLESPK,True,sp|P04196|HRG_HUMAN Histidine-rich glycoprotein OS=Homo sapiens OX=9606 GN=HRG PE=1 SV=1
AEDHFSVIDFNQNIR,True,sp|P19823|ITIH2_HUMAN Inter-alpha-trypsin inhibitor heavy chain H2 OS=Homo sapiens OX=9606 GN=ITIH2 PE=1 SV=2
AEFAEVSK,True,sp|P02768|ALBU_HUMAN Albumin OS=Homo sapiens OX=9606 GN=ALB PE=1 SV=2
AFQPFFVELTMPYSVIR,True,"sp|P20742|PZP_HUMAN Pregnancy zone protein OS=Homo sapiens OX=9606 GN=PZP PE=1 SV=4,sp|P01023|A2MG_HUMAN Alpha-2-macroglobulin OS=Homo sapiens OX=9606 GN=A2M PE=1 SV=3"
AGALNSNDAFVLK,True,sp|P06396|GELS_HUMAN Gelsolin OS=Homo sapiens OX=9606 GN=GSN PE=1 SV=1
AGDFLEANYMNLQR,True,sp|P01024|CO3_HUMAN Complement C3 OS=Homo sapiens OX=9606 GN=C3 PE=1 SV=2
AGKEPGLQIWR,True,sp|P06396|GELS_HUMAN Gelsolin OS=Homo sapiens OX=9606 GN=GSN PE=1 SV=1
AHVSFKPTVAQQR,True,sp|P19823|ITIH2_HUMAN Inter-alpha-trypsin inhibitor heavy chain H2 OS=Homo sapiens OX=9606 GN=ITIH2 PE=1 SV=2
AHYGGFTVQNEANK,True,sp|P02675|FIBB_HUMAN Fibrinogen beta chain OS=Homo sapiens OX=9606 GN=FGB PE=1 SV=2
AIEDYINEFSVR,True,sp|P02748|CO9_HUMAN Complement component C9 OS=Homo sapiens OX=9606 GN=C9 PE=1 SV=2
AIGYLNTGYQR,True,sp|P01023|A2MG_HUMAN Alpha-2-macroglobulin OS=Homo sapiens OX=9606 GN=A2M PE=1 SV=3
AKPALEDLR,True,sp|P02647|APOA1_HUMAN Apolipoprotein A-I OS=Homo sapiens OX=9606 GN=APOA1 PE=1 SV=1
ALDLINKR,True,sp|P04196|HRG_HUMAN Histidine-rich glycoprotein OS=Homo sapiens OX=9606 GN=HRG PE=1 SV=1
ALLVGEHLNIIVTPK,True,sp|P01031|CO5_HUMAN Complement C5 OS=Homo sapiens OX=9606 GN=C5 PE=1 SV=4
ALMDETMK,True,sp|P02649|APOE_HUMAN Apolipoprotein E OS=Homo sapiens OX=9606 GN=APOE PE=1 SV=1
ALTDMPQMR,True,sp|P02671|FIBA_HUMAN Fibrinogen alpha chain OS=Homo sapiens OX=9606 GN=FGA PE=1 SV=2
ALVQQMEQLR,True,sp|P06727|APOA4_HUMAN Apolipoprotein A-IV OS=Homo sapiens OX=9606 GN=APOA4 PE=1 SV=4
ALYLQYTDETFR,True,sp|P00450|CERU_HUMAN Ceruloplasmin OS=Homo sapiens OX=9606 GN=CP PE=1 SV=1
AMAVEDIISR,True,sp|P07357|CO8A_HUMAN Complement component C8 alpha chain OS=Homo sapiens OX=9606 GN=C8A PE=1 SV=2
APNHAVVTR,True,sp|P02787|TRFE_HUMAN Serotransferrin OS=Homo sapiens OX=9606 GN=TF PE=1 SV=4
AQLVDMK,True,sp|P02671|FIBA_HUMAN Fibrinogen alpha chain OS=Homo sapiens OX=9606 GN=FGA PE=1 SV=2
AQRQVVAGLNFR,True,sp|P01042|KNG1_HUMAN Kininogen-1 OS=Homo sapiens OX=9606 GN=KNG1 PE=1 SV=2
ASEAEDASLLSFMQGYMK,True,sp|P02656|APOC3_HUMAN Apolipoprotein C-III OS=Homo sapiens OX=9606 GN=APOC3 PE=1 SV=1
ASSIIDELFQDR,True,sp|P10909|CLUS_HUMAN Clusterin OS=Homo sapiens OX=9606 GN=CLU PE=1 SV=1
ASSIIDELFQDRFFTR,True,sp|P10909|CLUS_HUMAN Clusterin OS=Homo sapiens OX=9606 GN=CLU PE=1 SV=1
ASTPNGYDNGIIWATWK,True,sp|P02679|FIBG_HUMAN Fibrinogen gamma chain OS=Homo sapiens OX=9606 GN=FGG PE=1 SV=3
ATEHLSTLSEK,True,sp|P02647|APOA1_HUMAN Apolipoprotein A-I OS=Homo sapiens OX=9606 GN=APOA1 PE=1 SV=1
ATFQTPDFIVPLTDLR,True,sp|P04114|APOB_HUMAN Apolipoprotein B-100 OS=Homo sapiens OX=9606 GN=APOB PE=1 SV=2
ATGVLYDYVNK,True,sp|P04114|APOB_HUMAN Apolipoprotein B-100 OS=Homo sapiens OX=9606 GN=APOB PE=1 SV=2
ATVVYQGER,True,sp|P02749|APOH_HUMAN Beta-2-glycoprotein 1 OS=Homo sapiens OX=9606 GN=APOH PE=1 SV=3
AVMDDFAAFVEK,True,sp|P02768|ALBU_HUMAN Albumin OS=Homo sapiens OX=9606 GN=ALB PE=1 SV=2
AVSMPSFSILGSDVR,True,sp|P04114|APOB_HUMAN Apolipoprotein B-100 OS=Homo sapiens OX=9606 GN=APOB PE=1 SV=2
AYKSELEEQLTPVAEETR,True,sp|P02649|APOE_HUMAN Apolipoprotein E OS=Homo sapiens OX=9606 GN=APOE PE=1 SV=1
DALSSVQESQVAQQAR,True,sp|P02656|APOC3_HUMAN Apolipoprotein C-III OS=Homo sapiens OX=9606 GN=APOC3 PE=1 SV=1
DAQYAPGYDKVK,True,sp|P00751|CFAB_HUMAN Complement factor B OS=Homo sapiens OX=9606 GN=CFB PE=1 SV=2
DDEEFIESNK,True,sp|P00450|CERU_HUMAN Ceruloplasmin OS=Homo sapiens OX=9606 GN=CP PE=1 SV=1
DDNPNLPR,True,sp|P02768|ALBU_HUMAN Albumin OS=Homo sapiens OX=9606 GN=ALB PE=1 SV=2
DFHINLFQVLPWLK,True,sp|P00751|CFAB_HUMAN Complement factor B OS=Homo sapiens OX=9606 GN=CFB PE=1 SV=2
DFVQPPTK,True,sp|P01042|KNG1_HUMAN Kininogen-1 OS=Homo sapiens OX=9606 GN=KNG1 PE=1 SV=2
DGAGDVAFVK,True,sp|P02787|TRFE_HUMAN Serotransferrin OS=Homo sapiens OX=9606 GN=TF PE=1 SV=4
DGNTLTYYR,True,sp|P02748|CO9_HUMAN Complement component C9 OS=Homo sapiens OX=9606 GN=C9 PE=1 SV=2
DHAVDLIQK,True,"sp|P0C0L4|CO4A_HUMAN Complement C4-A OS=Homo sapiens OX=9606 GN=C4A PE=1 SV=2,sp|P0C0L5|CO4B_HUMAN Complement C4-B OS=Homo sapiens OX=9606 GN=C4B_2 PE=1 SV=2"
DINYVNPVIK,True,sp|P01031|CO5_HUMAN Complement C5 OS=Homo sapiens OX=9606 GN=C5 PE=1 SV=4
DISEVVTPR,True,sp|P00751|CFAB_HUMAN Complement factor B OS=Homo sapiens OX=9606 GN=CFB PE=1 SV=2
DKVNSFFSTFK,True,sp|P06727|APOA4_HUMAN Apolipoprotein A-IV OS=Homo sapiens OX=9606 GN=APOA4 PE=1 SV=4
DLATVYVDVLK,True,sp|P02647|APOA1_HUMAN Apolipoprotein A-I OS=Homo sapiens OX=9606 GN=APOA1 PE=1 SV=1
DLKVEDIPLAR,True,sp|P04114|APOB_HUMAN Apolipoprotein B-100 OS=Homo sapiens OX=9606 GN=APOB PE=1 SV=2
DLMEKVKSPELQAEAK,True,sp|P02652|APOA2_HUMAN Apolipoprotein A-II OS=Homo sapiens OX=9606 GN=APOA2 PE=1 SV=1
DMYSFLEDMGLK,True,sp|P01023|A2MG_HUMAN Alpha-2-macroglobulin OS=Homo sapiens OX=9606 GN=A2M PE=1 SV=3
DRVVEESELAR,True,sp|P02748|CO9_HUMAN Complement component C9 OS=Homo sapiens OX=9606 GN=C9 PE=1 SV=2
DSGRDYVSQFEGSALGK,True,sp|P02647|APOA1_HUMAN Apolipoprotein A-I OS=Homo sapiens OX=9606 GN=APOA1 PE=1 SV=1
DSQEEEKTEALTSAK,True,sp|P06396|GELS_HUMAN Gelsolin OS=Homo sapiens OX=9606 GN=GSN PE=1 SV=1
DSQEEEKTEALTSAKR,True,sp|P06396|GELS_HUMAN Gelsolin OS=Homo sapiens OX=9606 GN=GSN PE=1 SV=1
DTVIKPLLVEPEGLEK,True,sp|P01023|A2MG_HUMAN Alpha-2-macroglobulin OS=Homo sapiens OX=9606 GN=A2M PE=1 SV=3
DTVQIHDITGK,True,sp|P02679|FIBG_HUMAN Fibrinogen gamma chain OS=Homo sapiens OX=9606 GN=FGG PE=1 SV=3
DVVLFEK,True,"sp|P00747|PLMN_HUMAN Plasminogen OS=Homo sapiens OX=9606 GN=PLG PE=1 SV=2,sp|Q15195|PLGA_HUMAN Plasminogen-like protein A OS=Homo sapiens OX=9606 GN=PLGLA PE=2 SV=1"
DWHGVPGQVDAAMAGR,True,sp|P04004|VTNC_HUMAN Vitronectin OS=Homo sapiens OX=9606 GN=VTN PE=1 SV=1
DYWSTVK,True,sp|P02656|APOC3_HUMAN Apolipoprotein C-III OS=Homo sapiens OX=9606 GN=APOC3 PE=1 SV=1
EAQLPVIENK,True,sp|P00747|PLMN_HUMAN Plasminogen OS=Homo sapiens OX=9606 GN=PLG PE=1 SV=2
EDLIWELLNQAQEHFGK,True,sp|P02787|TRFE_HUMAN Serotransferrin OS=Homo sapiens OX=9606 GN=TF PE=1 SV=4
EDTPNSVWEPAK,True,sp|P09871|C1S_HUMAN Complement C1s subcomponent OS=Homo sapiens OX=9606 GN=C1S PE=1 SV=1
EELLPAQDIK,True,sp|P00751|CFAB_HUMAN Complement factor B OS=Homo sapiens OX=9606 GN=CFB PE=1 SV=2
EESPLLIGQQSTVSDVPR,True,sp|P02751|FINC_HUMAN Fibronectin OS=Homo sapiens OX=9606 GN=FN1 PE=1 SV=5
EFQLFSSPHGK,True,sp|P02787|TRFE_HUMAN Serotransferrin OS=Homo sapiens OX=9606 GN=TF PE=1 SV=4
ELDESLQVAER,True,sp|P10909|CLUS_HUMAN Clusterin OS=Homo sapiens OX=9606 GN=CLU PE=1 SV=1
ELSSFIDK,True,sp|P02774|VTDB_HUMAN Vitamin D-binding protein OS=Homo sapiens OX=9606 GN=GC PE=1 SV=2
ELSYYSLEDLNNK,True,sp|P01031|CO5_HUMAN Complement C5 OS=Homo sapiens OX=9606 GN=C5 PE=1 SV=4
EMSGSPASGIPVK,True,"sp|P0C0L4|CO4A_HUMAN Complement C4-A OS=Homo sapiens OX=9606 GN=C4A PE=1 SV=2,sp|P0C0L5|CO4B_HUMAN Complement C4-B OS=Homo sapiens OX=9606 GN=C4B_2 PE=1 SV=2"
ENADSLQASLRPHADELK,True,sp|P06727|APOA4_HUMAN Apolipoprotein A-IV OS=Homo sapiens OX=9606 GN=APOA4 PE=1 SV=4
ENISDPTSPLR,True,sp|P01591|IGJ_HUMAN Immunoglobulin J chain OS=Homo sapiens OX=9606 GN=JCHAIN PE=1 SV=4
EPAHLMSLFGGKPMIIYK,True,sp|P06396|GELS_HUMAN Gelsolin OS=Homo sapiens OX=9606 GN=GSN PE=1 SV=1
EPTMYVGSTSVQTSR,True,sp|P09871|C1S_HUMAN Complement C1s subcomponent OS=Homo sapiens OX=9606 GN=C1S PE=1 SV=1
EQLGPVTQEFWDNLEK,True,sp|P02647|APOA1_HUMAN Apolipoprotein A-I OS=Homo sapiens OX=9606 GN=APOA1 PE=1 SV=1
ESDTSYVSLK,True,sp|P02741|CRP_HUMAN C-reactive protein OS=Homo sapiens OX=9606 GN=CRP PE=1 SV=1
ESYSGVTLDPR,True,sp|P01031|CO5_HUMAN Complement C5 OS=Homo sapiens OX=9606 GN=C5 PE=1 SV=4
ETAVDGELVVLYDVK,True,sp|P19823|ITIH2_HUMAN Inter-alpha-trypsin inhibitor heavy chain H2 OS=Homo sapiens OX=9606 GN=ITIH2 PE=1 SV=2
EVAFDLEIPK,True,sp|P19827|ITIH1_HUMAN Inter-alpha-trypsin inhibitor heavy chain H1 OS=Homo sapiens OX=9606 GN=ITIH1 PE=1 SV=3
EVDLKDYEDQQK,True,sp|P02671|FIBA_HUMAN Fibrinogen alpha chain OS=Homo sapiens OX=9606 GN=FGA PE=1 SV=2
EWFWDLATGTMK,True,sp|P02790|HEMO_HUMAN Hemopexin OS=Homo sapiens OX=9606 GN=HPX PE=1 SV=2
EYVLPSFEVIVEPTEK,True,sp|P01024|CO3_HUMAN Complement C3 OS=Homo sapiens OX=9606 GN=C3 PE=1 SV=2
FAFNLYR,True,"sp|P05543|THBG_HUMAN Thyroxine-binding globulin OS=Homo sapiens OX=9606 GN=SERPINA7 PE=1 SV=2,sp|P05546|HEP2_HUMAN Heparin cofactor 2 OS=Homo sapiens OX=9606 GN=SERPIND1 PE=1 SV=3"
FEDGVLDPDYPR,True,sp|P04004|VTNC_HUMAN Vitronectin OS=Homo sapiens OX=9606 GN=VTN PE=1 SV=1
FFHKNEIWYR,True,sp|P00748|FA12_HUMAN Coagulation factor XII OS=Homo sapiens OX=9606 GN=F12 PE=1 SV=3
FKDLGEENFK,True,sp|P02768|ALBU_HUMAN Albumin OS=Homo sapiens OX=9606 GN=ALB PE=1 SV=2
FLATTPNSLLVSWQPPR,True,sp|P02751|FINC_HUMAN Fibronectin OS=Homo sapiens OX=9606 GN=FN1 PE=1 SV=5
FMETVAEK,True,sp|P10909|CLUS_HUMAN Clusterin OS=Homo sapiens OX=9606 GN=CLU PE=1 SV=1
FNAVLTNPQGDYDTSTGK,True,sp|P02747|C1QC_HUMAN Complement C1q subcomponent subunit C OS=Homo sapiens OX=9606 GN=C1QC PE=1 SV=3
FPEVDVLTK,True,sp|P04114|APOB_HUMAN Apolipoprotein B-100 OS=Homo sapiens OX=9606 GN=APOB PE=1 SV=2
FPSGTFEQVSQLVK,True,sp|P02774|VTDB_HUMAN Vitamin D-binding protein OS=Homo sapiens OX=9606 GN=GC PE=1 SV=2
FPVEMTHNHNFR,True,sp|P05546|HEP2_HUMAN Heparin cofactor 2 OS=Homo sapiens OX=9606 GN=SERPIND1 PE=1 SV=3
FQNSAILTIQPK,True,sp|P01031|CO5_HUMAN Complement C5 OS=Homo sapiens OX=9606 GN=C5 PE=1 SV=4
FSVPAGIVIPSFQALTAR,True,sp|P04114|APOB_HUMAN Apolipoprotein B-100 OS=Homo sapiens OX=9606 GN=APOB PE=1 SV=2
FSVVYAK,True,sp|P02765|FETUA_HUMAN Alpha-2-HS-glycoprotein OS=Homo sapiens OX=9606 GN=AHSG PE=1 SV=2
FSYSKNETYQLFLSYSSK,True,sp|P02748|CO9_HUMAN Complement component C9 OS=Homo sapiens OX=9606 GN=C9 PE=1 SV=2
FSYSSGHVHLSSENK,True,sp|P01031|CO5_HUMAN Complement C5 OS=Homo sapiens OX=9606 GN=C5 PE=1 SV=4
FTNIGPDTMR,True,sp|P02751|FINC_HUMAN Fibronectin OS=Homo sapiens OX=9606 GN=FN1 PE=1 SV=5
FTVDRPFLFLIYEHR,True,sp|P05546|HEP2_HUMAN Heparin cofactor 2 OS=Homo sapiens OX=9606 GN=SERPIND1 PE=1 SV=3
FVTWIEGVMR,True,sp|P00747|PLMN_HUMAN Plasminogen OS=Homo sapiens OX=9606 GN=PLG PE=1 SV=2
FYNQVSTPLLR,True,sp|P19823|ITIH2_HUMAN Inter-alpha-trypsin inhibitor heavy chain H2 OS=Homo sapiens OX=9606 GN=ITIH2 PE=1 SV=2
GAYPLSIEPIGVR,True,sp|P00450|CERU_HUMAN Ceruloplasmin OS=Homo sapiens OX=9606 GN=CP PE=1 SV=1
GDKVWVYPPEKK,True,sp|P02790|HEMO_HUMAN Hemopexin OS=Homo sapiens OX=9606 GN=HPX PE=1 SV=2
GDSGGAFAVQDPNDK,True,sp|P09871|C1S_HUMAN Complement C1s subcomponent OS=Homo sapiens OX=9606 GN=C1S PE=1 SV=1
GDSGGPLIVHK,True,sp|P00751|CFAB_HUMAN Complement factor B OS=Homo sapiens OX=9606 GN=CFB PE=1 SV=2
GDSGGPLIVHKR,True,sp|P00751|CFAB_HUMAN Complement factor B OS=Homo sapiens OX=9606 GN=CFB PE=1 SV=2
GDSPASSKPISINYR,True,sp|P02751|FINC_HUMAN Fibronectin OS=Homo sapiens OX=9606 GN=FN1 PE=1 SV=5
GDVAFVK,True,"sp|P02787|TRFE_HUMAN Serotransferrin OS=Homo sapiens OX=9606 GN=TF PE=1 SV=4,sp|P02788|TRFL_HUMAN Lactotransferrin OS=Homo sapiens OX=9606 GN=LTF PE=1 SV=6,sp|P08582|TRFM_HUMAN Melanotransferrin OS=Homo sapiens OX=9606 GN=MELTF PE=1 SV=2"
GETHEQVHSILHFK,True,sp|P05546|HEP2_HUMAN Heparin cofactor 2 OS=Homo sapiens OX=9606 GN=SERPIND1 PE=1 SV=3
GEVQAMLGQSTEELR,True,sp|P02649|APOE_HUMAN Apolipoprotein E OS=Homo sapiens OX=9606 GN=APOE PE=1 SV=1
GEVQAMLGQSTEELRVR,True,sp|P02649|APOE_HUMAN Apolipoprotein E OS=Homo sapiens OX=9606 GN=APOE PE=1 SV=1
GEWVALNPLR,True,sp|P08603|CFAH_HUMAN Complement factor H OS=Homo sapiens OX=9606 GN=CFH PE=1 SV=4
GFEPTLEALFGK,True,sp|P04114|APOB_HUMAN Apolipoprotein B-100 OS=Homo sapiens OX=9606 GN=APOB PE=1 SV=2
GFSLDEATNLNGGLLR,True,sp|P19827|ITIH1_HUMAN Inter-alpha-trypsin inhibitor heavy chain H1 OS=Homo sapiens OX=9606 GN=ITIH1 PE=1 SV=3
GGEGTGYFVDFSVR,True,sp|P04196|HRG_HUMAN Histidine-rich glycoprotein OS=Homo sapiens OX=9606 GN=HRG PE=1 SV=1
GGETAQSADPQWEQLNNK,True,sp|P05546|HEP2_HUMAN Heparin cofactor 2 OS=Homo sapiens OX=9606 GN=SERPIND1 PE=1 SV=3
GGYTLVSGYPK,True,sp|P02790|HEMO_HUMAN Hemopexin OS=Homo sapiens OX=9606 GN=HPX PE=1 SV=2
GHLFLQTDQPIYNPGQR,True,"sp|P0C0L4|CO4A_HUMAN Complement C4-A OS=Homo sapiens OX=9606 GN=C4A PE=1 SV=2,sp|P0C0L5|CO4B_HUMAN Complement C4-B OS=Homo sapiens OX=9606 GN=C4B_2 PE=1 SV=2"
GHMLENHVER,True,sp|P19827|ITIH1_HUMAN Inter-alpha-trypsin inhibitor heavy chain H1 OS=Homo sapiens OX=9606 GN=ITIH1 PE=1 SV=3
GKWERPFEVK,True,sp|P01009|A1AT_HUMAN Alpha-1-antitrypsin OS=Homo sapiens OX=9606 GN=SERPINA1 PE=1 SV=3
GSESGIFTNTK,True,sp|P02671|FIBA_HUMAN Fibrinogen alpha chain OS=Homo sapiens OX=9606 GN=FGA PE=1 SV=2
GSFEFPVGDAVSK,True,"sp|P0C0L4|CO4A_HUMAN Complement C4-A OS=Homo sapiens OX=9606 GN=C4A PE=1 SV=2,sp|P0C0L5|CO4B_HUMAN Complement C4-B OS=Homo sapiens OX=9606 GN=C4B_2 PE=1 SV=2"
GSPAINVAVHVFR,True,sp|P02766|TTHY_HUMAN Transthyretin OS=Homo sapiens OX=9606 GN=TTR PE=1 SV=1
GWVTDGFSSLK,True,sp|P02656|APOC3_HUMAN Apolipoprotein C-III OS=Homo sapiens OX=9606 GN=APOC3 PE=1 SV=1
GWVTDGFSSLKDYWSTVK,True,sp|P02656|APOC3_HUMAN Apolipoprotein C-III OS=Homo sapiens OX=9606 GN=APOC3 PE=1 SV=1
GYSIFSYATK,True,sp|P02741|CRP_HUMAN C-reactive protein OS=Homo sapiens OX=9606 GN=CRP PE=1 SV=1
HGGLYHENMR,True,sp|P08603|CFAH_HUMAN Complement factor H OS=Homo sapiens OX=9606 GN=CFH PE=1 SV=4
HLEVDVWVIEPQGLR,True,sp|P19823|ITIH2_HUMAN Inter-alpha-trypsin inhibitor heavy chain H2 OS=Homo sapiens OX=9606 GN=ITIH2 PE=1 SV=2
AHVDALR,True,sp|P02647|APOA1_HUMAN Apolipoprotein A-I OS=Homo sapiens OX=9606 GN=APOA1 PE=1 SV=1
ALFVSEEEKK,True,sp|P00751|CFAB_HUMAN Complement factor B OS=Homo sapiens OX=9606 GN=CFB PE=1 SV=2
ALVEGVDQLFTDYQIK,True,sp|P01031|CO5_HUMAN Complement C5 OS=Homo sapiens OX=9606 GN=C5 PE=1 SV=4
AYYENSPQQVFSTEFEVK,True,sp|P01024|CO3_HUMAN Complement C3 OS=Homo sapiens OX=9606 GN=C3 PE=1 SV=2
DGYLFQLLR,True,sp|P04196|HRG_HUMAN Histidine-rich glycoprotein OS=Homo sapiens OX=9606 GN=HRG PE=1 SV=1
DIFTGLIGPMK,True,sp|P00450|CERU_HUMAN Ceruloplasmin OS=Homo sapiens OX=9606 GN=CP PE=1 SV=1
DLEIEVVLFHPNYNINGK,True,sp|P00751|CFAB_HUMAN Complement factor B OS=Homo sapiens OX=9606 GN=CFB PE=1 SV=2
DNDGWLTSDPR,True,sp|P02675|FIBB_HUMAN Fibrinogen beta chain OS=Homo sapiens OX=9606 GN=FGB PE=1 SV=2
DNENVVNEYSSELEK,True,sp|P02675|FIBB_HUMAN Fibrinogen beta chain OS=Homo sapiens OX=9606 GN=FGB PE=1 SV=2
DNEQHVFK,True,sp|P00751|CFAB_HUMAN Complement factor B OS=Homo sapiens OX=9606 GN=CFB PE=1 SV=2
DRLDEVKEQVAEVR,True,sp|P02649|APOE_HUMAN Apolipoprotein E OS=Homo sapiens OX=9606 GN=APOE PE=1 SV=1
DSAHGFLK,True,sp|P02787|TRFE_HUMAN Serotransferrin OS=Homo sapiens OX=9606 GN=TF PE=1 SV=4
DSGFQMNQLR,True,sp|P02787|TRFE_HUMAN Serotransferrin OS=Homo sapiens OX=9606 GN=TF PE=1 SV=4
DTEEEDFHVDQVTTVK,True,sp|P01009|A1AT_HUMAN Alpha-1-antitrypsin OS=Homo sapiens OX=9606 GN=SERPINA1 PE=1 SV=3
DYVSQFEGSALGK,True,sp|P02647|APOA1_HUMAN Apolipoprotein A-I OS=Homo sapiens OX=9606 GN=APOA1 PE=1 SV=1
ERGHMLENHVER,True,sp|P19827|ITIH1_HUMAN Inter-alpha-trypsin inhibitor heavy chain H1 OS=Homo sapiens OX=9606 GN=ITIH1 PE=1 SV=3
ESLSSYWESAK,True,sp|P02655|APOC2_HUMAN Apolipoprotein C-II OS=Homo sapiens OX=9606 GN=APOC2 PE=1 SV=1
EYHFGQAVR,True,sp|P08603|CFAH_HUMAN Complement factor H OS=Homo sapiens OX=9606 GN=CFH PE=1 SV=4
DVVLTTTFVDDIK,True,sp|P02748|CO9_HUMAN Complement component C9 OS=Homo sapiens OX=9606 GN=C9 PE=1 SV=2
EDFTSLSLVLYSR,True,sp|P02774|VTDB_HUMAN Vitamin D-binding protein OS=Homo sapiens OX=9606 GN=GC PE=1 SV=2
HLSLLTTLSNR,True,sp|P02774|VTDB_HUMAN Vitamin D-binding protein OS=Homo sapiens OX=9606 GN=GC PE=1 SV=2
HLVPGAPFLLQALVR,True,"sp|P0C0L4|CO4A_HUMAN Complement C4-A OS=Homo sapiens OX=9606 GN=C4A PE=1 SV=2,sp|P0C0L5|CO4B_HUMAN Complement C4-B OS=Homo sapiens OX=9606 GN=C4B_2 PE=1 SV=2"
HPDYSVVLLLR,True,sp|P02768|ALBU_HUMAN Albumin OS=Homo sapiens OX=9606 GN=ALB PE=1 SV=2
HQLYIDETVNSNIPTNLR,True,sp|P02675|FIBB_HUMAN Fibrinogen beta chain OS=Homo sapiens OX=9606 GN=FGB PE=1 SV=2
HQTVPQNTGGKNPDPWAK,True,sp|P02787|TRFE_HUMAN Serotransferrin OS=Homo sapiens OX=9606 GN=TF PE=1 SV=4
HSIFTPETNPR,True,sp|P00747|PLMN_HUMAN Plasminogen OS=Homo sapiens OX=9606 GN=PLG PE=1 SV=2
HSTIFENLANK,True,sp|P02787|TRFE_HUMAN Serotransferrin OS=Homo sapiens OX=9606 GN=TF PE=1 SV=4
HTLNQIDEVK,True,sp|P02765|FETUA_HUMAN Alpha-2-HS-glycoprotein OS=Homo sapiens OX=9606 GN=AHSG PE=1 SV=2
HTSVQTTSSGSGPFTDVR,True,sp|P02751|FINC_HUMAN Fibronectin OS=Homo sapiens OX=9606 GN=FN1 PE=1 SV=5
HVVPNEVVVQR,True,sp|P06396|GELS_HUMAN Gelsolin OS=Homo sapiens OX=9606 GN=GSN PE=1 SV=1
HYEGSTVPEK,True,sp|P00738|HPT_HUMAN Haptoglobin OS=Homo sapiens OX=9606 GN=HP PE=1 SV=1
HYQINQQWER,True,sp|P02751|FINC_HUMAN Fibronectin OS=Homo sapiens OX=9606 GN=FN1 PE=1 SV=5
IADAHLDR,True,sp|P04196|HRG_HUMAN Histidine-rich glycoprotein OS=Homo sapiens OX=9606 GN=HRG PE=1 SV=1
IADNKQSSFK,True,sp|P19827|ITIH1_HUMAN Inter-alpha-trypsin inhibitor heavy chain H1 OS=Homo sapiens OX=9606 GN=ITIH1 PE=1 SV=3
IAFSATR,True,sp|P02746|C1QB_HUMAN Complement C1q subcomponent subunit B OS=Homo sapiens OX=9606 GN=C1QB PE=1 SV=3
IAQWQSFQLEGGLK,True,sp|P01023|A2MG_HUMAN Alpha-2-macroglobulin OS=Homo sapiens OX=9606 GN=A2M PE=1 SV=3
IDTQDIEASHYR,True,sp|P01031|CO5_HUMAN Complement C5 OS=Homo sapiens OX=9606 GN=C5 PE=1 SV=4
IEGNLIFDPNNYLPK,True,sp|P04114|APOB_HUMAN Apolipoprotein B-100 OS=Homo sapiens OX=9606 GN=APOB PE=1 SV=2
IHWESASLLR,True,sp|P01024|CO3_HUMAN Complement C3 OS=Homo sapiens OX=9606 GN=C3 PE=1 SV=2
IIRSSEDPNEDIVER,True,sp|P01591|IGJ_HUMAN Immunoglobulin J chain OS=Homo sapiens OX=9606 GN=JCHAIN PE=1 SV=4
IIVPLNNR,True,sp|P01591|IGJ_HUMAN Immunoglobulin J chain OS=Homo sapiens OX=9606 GN=JCHAIN PE=1 SV=4
IKVLNQELR,True,sp|P05090|APOD_HUMAN Apolipoprotein D OS=Homo sapiens OX=9606 GN=APOD PE=1 SV=1
ILGGHLDAK,True,"sp|P00738|HPT_HUMAN Haptoglobin OS=Homo sapiens OX=9606 GN=HP PE=1 SV=1,sp|P00739|HPTR_HUMAN Haptoglobin-related protein OS=Homo sapiens OX=9606 GN=HPR PE=2 SV=2"
IPIEDGSGEVVLSR,True,sp|P01024|CO3_HUMAN Complement C3 OS=Homo sapiens OX=9606 GN=C3 PE=1 SV=2
IPLDLVPK,True,sp|P01031|CO5_HUMAN Complement C5 OS=Homo sapiens OX=9606 GN=C5 PE=1 SV=4
ISASAEELR,True,sp|P06727|APOA4_HUMAN Apolipoprotein A-IV OS=Homo sapiens OX=9606 GN=APOA4 PE=1 SV=4
ISEGLPALEFPNEK,True,sp|P02748|CO9_HUMAN Complement component C9 OS=Homo sapiens OX=9606 GN=C9 PE=1 SV=2
ITENDIQIALDDAK,True,sp|P04114|APOB_HUMAN Apolipoprotein B-100 OS=Homo sapiens OX=9606 GN=APOB PE=1 SV=2
ITPNLAEFAFSLYR,True,sp|P01009|A1AT_HUMAN Alpha-1-antitrypsin OS=Homo sapiens OX=9606 GN=SERPINA1 PE=1 SV=3
IVSSAMEPDR,True,sp|P08603|CFAH_HUMAN Complement factor H OS=Homo sapiens OX=9606 GN=CFH PE=1 SV=4
IYGNQDTSSQLKK,True,sp|P19823|ITIH2_HUMAN Inter-alpha-trypsin inhibitor heavy chain H2 OS=Homo sapiens OX=9606 GN=ITIH2 PE=1 SV=2
IYHSHIDAPK,True,sp|P00450|CERU_HUMAN Ceruloplasmin OS=Homo sapiens OX=9606 GN=CP PE=1 SV=1
IYISGMAPRPSLAK,True,sp|P04004|VTNC_HUMAN Vitronectin OS=Homo sapiens OX=9606 GN=VTN PE=1 SV=1
IYLYTLNDNAR,True,sp|P02751|FINC_HUMAN Fibronectin OS=Homo sapiens OX=9606 GN=FN1 PE=1 SV=5
KAMAVEDIISR,True,sp|P07357|CO8A_HUMAN Complement component C8 alpha chain OS=Homo sapiens OX=9606 GN=C8A PE=1 SV=2
KATVVYQGER,True,sp|P02749|APOH_HUMAN Beta-2-glycoprotein 1 OS=Homo sapiens OX=9606 GN=APOH PE=1 SV=3
KDNEQHVFK,True,sp|P00751|CFAB_HUMAN Complement factor B OS=Homo sapiens OX=9606 GN=CFB PE=1 SV=2
KELSSFIDK,True,sp|P02774|VTDB_HUMAN Vitamin D-binding protein OS=Homo sapiens OX=9606 GN=GC PE=1 SV=2
KFPSGTFEQVSQLVK,True,sp|P02774|VTDB_HUMAN Vitamin D-binding protein OS=Homo sapiens OX=9606 GN=GC PE=1 SV=2
KGEWVALNPLR,True,sp|P08603|CFAH_HUMAN Complement factor H OS=Homo sapiens OX=9606 GN=CFH PE=1 SV=4
KLSSWVLLMK,True,sp|P01009|A1AT_HUMAN Alpha-1-antitrypsin OS=Homo sapiens OX=9606 GN=SERPINA1 PE=1 SV=3
KLVPFATELHER,True,sp|P06727|APOA4_HUMAN Apolipoprotein A-IV OS=Homo sapiens OX=9606 GN=APOA4 PE=1 SV=4
KLWAYLTINQLLAER,True,sp|P19823|ITIH2_HUMAN Inter-alpha-trypsin inhibitor heavy chain H2 OS=Homo sapiens OX=9606 GN=ITIH2 PE=1 SV=2
KSASDLTWDNLK,True,sp|P02787|TRFE_HUMAN Serotransferrin OS=Homo sapiens OX=9606 GN=TF PE=1 SV=4
KTLLSNLEEAKK,True,sp|P10909|CLUS_HUMAN Clusterin OS=Homo sapiens OX=9606 GN=CLU PE=1 SV=1
KVEQAVETEPEPELR,True,sp|P02649|APOE_HUMAN Apolipoprotein E OS=Homo sapiens OX=9606 GN=APOE PE=1 SV=1
KVPQVSTPTLVEVSR,True,sp|P02768|ALBU_HUMAN Albumin OS=Homo sapiens OX=9606 GN=ALB PE=1 SV=2
KWQEEMELYR,True,sp|P02647|APOA1_HUMAN Apolipoprotein A-I OS=Homo sapiens OX=9606 GN=APOA1 PE=1 SV=1
KYFIDFVAR,True,sp|P01042|KNG1_HUMAN Kininogen-1 OS=Homo sapiens OX=9606 GN=KNG1 PE=1 SV=2
KYNSQNQSNNQFVLYR,True,sp|P01042|KNG1_HUMAN Kininogen-1 OS=Homo sapiens OX=9606 GN=KNG1 PE=1 SV=2
LANLTQGEDQYYLR,True,sp|P10909|CLUS_HUMAN Clusterin OS=Homo sapiens OX=9606 GN=CLU PE=1 SV=1
LAVYQAGAR,True,sp|P02649|APOE_HUMAN Apolipoprotein E OS=Homo sapiens OX=9606 GN=APOE PE=1 SV=1
LDAQASFLPK,True,sp|P19827|ITIH1_HUMAN Inter-alpha-trypsin inhibitor heavy chain H1 OS=Homo sapiens OX=9606 GN=ITIH1 PE=1 SV=3
LDELRDEGK,True,sp|P02768|ALBU_HUMAN Albumin OS=Homo sapiens OX=9606 GN=ALB PE=1 SV=2
LDEVKEQVAEVR,True,sp|P02649|APOE_HUMAN Apolipoprotein E OS=Homo sapiens OX=9606 GN=APOE PE=1 SV=1
LDGKFSVVYAK,True,sp|P02765|FETUA_HUMAN Alpha-2-HS-glycoprotein OS=Homo sapiens OX=9606 GN=AHSG PE=1 SV=2
LDGSVDFK,True,sp|P02679|FIBG_HUMAN Fibrinogen gamma chain OS=Homo sapiens OX=9606 GN=FGG PE=1 SV=3
LDGSVDFKK,True,sp|P02679|FIBG_HUMAN Fibrinogen gamma chain OS=Homo sapiens OX=9606 GN=FGG PE=1 SV=3
LEEQAQQIR,True,sp|P02649|APOE_HUMAN Apolipoprotein E OS=Homo sapiens OX=9606 GN=APOE PE=1 SV=1
LFDSDPITVTVPVEVSRK,True,sp|P10909|CLUS_HUMAN Clusterin OS=Homo sapiens OX=9606 GN=CLU PE=1 SV=1
LGPHAGDVEGHLSFLEK,True,sp|P06727|APOA4_HUMAN Apolipoprotein A-IV OS=Homo sapiens OX=9606 GN=APOA4 PE=1 SV=4
LGPLVEQGR,True,sp|P02649|APOE_HUMAN Apolipoprotein E OS=Homo sapiens OX=9606 GN=APOE PE=1 SV=1
LGQYASPTAK,True,"sp|P0C0L4|CO4A_HUMAN Complement C4-A OS=Homo sapiens OX=9606 GN=C4A PE=1 SV=2,sp|P0C0L5|CO4B_HUMAN Complement C4-B OS=Homo sapiens OX=9606 GN=C4B_2 PE=1 SV=2"
LGVRPSQGGEAPR,True,sp|P02751|FINC_HUMAN Fibronectin OS=Homo sapiens OX=9606 GN=FN1 PE=1 SV=5
LHEAFSPVSYQHDLALLR,True,sp|P00748|FA12_HUMAN Coagulation factor XII OS=Homo sapiens OX=9606 GN=F12 PE=1 SV=3
LHIMAGR,True,sp|P02790|HEMO_HUMAN Hemopexin OS=Homo sapiens OX=9606 GN=HPX PE=1 SV=2
LKEEIGKELEELR,True,sp|P06727|APOA4_HUMAN Apolipoprotein A-IV OS=Homo sapiens OX=9606 GN=APOA4 PE=1 SV=4
LKNSLFEYQK,True,sp|P02671|FIBA_HUMAN Fibrinogen alpha chain OS=Homo sapiens OX=9606 GN=FGA PE=1 SV=2
LKSWFEPLVEDMQR,True,sp|P02649|APOE_HUMAN Apolipoprotein E OS=Homo sapiens OX=9606 GN=APOE PE=1 SV=1
LLDNWDSVTSTFSK,True,sp|P02647|APOA1_HUMAN Apolipoprotein A-I OS=Homo sapiens OX=9606 GN=APOA1 PE=1 SV=1
LLIYAVLPTGDVIGDSAK,True,sp|P01023|A2MG_HUMAN Alpha-2-macroglobulin OS=Homo sapiens OX=9606 GN=A2M PE=1 SV=3
LNAENNATFYFK,True,sp|P01042|KNG1_HUMAN Kininogen-1 OS=Homo sapiens OX=9606 GN=KNG1 PE=1 SV=2
LPPNVVEESAR,True,sp|P01023|A2MG_HUMAN Alpha-2-macroglobulin OS=Homo sapiens OX=9606 GN=A2M PE=1 SV=3
LQAEAFQAR,True,sp|P02649|APOE_HUMAN Apolipoprotein E OS=Homo sapiens OX=9606 GN=APOE PE=1 SV=1
LQGTLPVEAR,True,sp|P01031|CO5_HUMAN Complement C5 OS=Homo sapiens OX=9606 GN=C5 PE=1 SV=4
LQHLENELTHDIITK,True,sp|P01009|A1AT_HUMAN Alpha-1-antitrypsin OS=Homo sapiens OX=9606 GN=SERPINA1 PE=1 SV=3
LRDLYSK,True,"sp|Q8N6G6|ATL1_HUMAN ADAMTS-like protein 1 OS=Homo sapiens OX=9606 GN=ADAMTSL1 PE=1 SV=4,sp|P02655|APOC2_HUMAN Apolipoprotein C-II OS=Homo sapiens OX=9606 GN=APOC2 PE=1 SV=1"
LREQLGPVTQEFWDNLEK,True,sp|P02647|APOA1_HUMAN Apolipoprotein A-I OS=Homo sapiens OX=9606 GN=APOA1 PE=1 SV=1
LRTEGDGVYTLNDKK,True,"sp|P00738|HPT_HUMAN Haptoglobin OS=Homo sapiens OX=9606 GN=HP PE=1 SV=1,sp|P00739|HPTR_HUMAN Haptoglobin-related protein OS=Homo sapiens OX=9606 GN=HPR PE=2 SV=2"
LSINTHPSQKPLSITVR,True,sp|P01024|CO3_HUMAN Complement C3 OS=Homo sapiens OX=9606 GN=C3 PE=1 SV=2
LSNENHGIAQR,True,sp|P19823|ITIH2_HUMAN Inter-alpha-trypsin inhibitor heavy chain H2 OS=Homo sapiens OX=9606 GN=ITIH2 PE=1 SV=2
LSPIYNLVPVK,True,sp|P02748|CO9_HUMAN Complement component C9 OS=Homo sapiens OX=9606 GN=C9 PE=1 SV=2
LTIGEGQQHHLGGAK,True,sp|P02679|FIBG_HUMAN Fibrinogen gamma chain OS=Homo sapiens OX=9606 GN=FGG PE=1 SV=3
LVAYYTLIGASGQR,True,sp|P01024|CO3_HUMAN Complement C3 OS=Homo sapiens OX=9606 GN=C3 PE=1 SV=2
LVDKFLEDVKK,True,sp|P01009|A1AT_HUMAN Alpha-1-antitrypsin OS=Homo sapiens OX=9606 GN=SERPINA1 PE=1 SV=3
LVNEVTEFAK,True,sp|P02768|ALBU_HUMAN Albumin OS=Homo sapiens OX=9606 GN=ALB PE=1 SV=2
LVTDLTK,True,sp|P02768|ALBU_HUMAN Albumin OS=Homo sapiens OX=9606 GN=ALB PE=1 SV=2
LWAYLTIQELLAK,True,sp|P19827|ITIH1_HUMAN Inter-alpha-trypsin inhibitor heavy chain H1 OS=Homo sapiens OX=9606 GN=ITIH1 PE=1 SV=3
MATTMIQSK,True,sp|P19823|ITIH2_HUMAN Inter-alpha-trypsin inhibitor heavy chain H2 OS=Homo sapiens OX=9606 GN=ITIH2 PE=1 SV=2
MGPTELLIEMEDWK,True,sp|P02675|FIBB_HUMAN Fibrinogen beta chain OS=Homo sapiens OX=9606 GN=FGB PE=1 SV=2
MGPTELLIEMEDWKGDK,True,sp|P02675|FIBB_HUMAN Fibrinogen beta chain OS=Homo sapiens OX=9606 GN=FGB PE=1 SV=2
MKGLIDEVNQDFTNR,True,sp|P02671|FIBA_HUMAN Fibrinogen alpha chain OS=Homo sapiens OX=9606 GN=FGA PE=1 SV=2
MKPVPDLVPGNFK,True,sp|P02671|FIBA_HUMAN Fibrinogen alpha chain OS=Homo sapiens OX=9606 GN=FGA PE=1 SV=2
MVETTAYALLTSLNLK,True,sp|P01031|CO5_HUMAN Complement C5 OS=Homo sapiens OX=9606 GN=C5 PE=1 SV=4
MYLGYEYVTAIR,True,sp|P02787|TRFE_HUMAN Serotransferrin OS=Homo sapiens OX=9606 GN=TF PE=1 SV=4
NANFKFTDHLK,True,sp|P00738|HPT_HUMAN Haptoglobin OS=Homo sapiens OX=9606 GN=HP PE=1 SV=1
NFPSPVDAAFR,True,sp|P02790|HEMO_HUMAN Hemopexin OS=Homo sapiens OX=9606 GN=HPX PE=1 SV=2
NGNMAGISDQR,True,sp|P05546|HEP2_HUMAN Heparin cofactor 2 OS=Homo sapiens OX=9606 GN=SERPIND1 PE=1 SV=3
NHMQYEIVIK,True,sp|P19827|ITIH1_HUMAN Inter-alpha-trypsin inhibitor heavy chain H1 OS=Homo sapiens OX=9606 GN=ITIH1 PE=1 SV=3
NKPGVYTDVAYYLAWIR,True,sp|P00748|FA12_HUMAN Coagulation factor XII OS=Homo sapiens OX=9606 GN=F12 PE=1 SV=3
NNKDSHSLTTNIMEILR,True,sp|P02671|FIBA_HUMAN Fibrinogen alpha chain OS=Homo sapiens OX=9606 GN=FGA PE=1 SV=2
NPANPVQR,True,"sp|P00738|HPT_HUMAN Haptoglobin OS=Homo sapiens OX=9606 GN=HP PE=1 SV=1,sp|P00739|HPTR_HUMAN Haptoglobin-related protein OS=Homo sapiens OX=9606 GN=HPR PE=2 SV=2"
NPNLPPETVDSLK,True,sp|P05090|APOD_HUMAN Apolipoprotein D OS=Homo sapiens OX=9606 GN=APOD PE=1 SV=1
NSLFEYQK,True,sp|P02671|FIBA_HUMAN Fibrinogen alpha chain OS=Homo sapiens OX=9606 GN=FGA PE=1 SV=2
NWGLSVYADKPETTK,True,sp|P02763|A1AG1_HUMAN Alpha-1-acid glycoprotein 1 OS=Homo sapiens OX=9606 GN=ORM1 PE=1 SV=2
NWIQYK,True,sp|P02679|FIBG_HUMAN Fibrinogen gamma chain OS=Homo sapiens OX=9606 GN=FGG PE=1 SV=3
NYNLVESLK,True,sp|P05546|HEP2_HUMAN Heparin cofactor 2 OS=Homo sapiens OX=9606 GN=SERPIND1 PE=1 SV=3
PALPAGTEDTAKEDAANR,True,sp|P06396|GELS_HUMAN Gelsolin OS=Homo sapiens OX=9606 GN=GSN PE=1 SV=1
PLVEEPQNLIK,True,sp|P02768|ALBU_HUMAN Albumin OS=Homo sapiens OX=9606 GN=ALB PE=1 SV=2
PNSMVVEHPEFLK,True,sp|P06396|GELS_HUMAN Gelsolin OS=Homo sapiens OX=9606 GN=GSN PE=1 SV=1
PPEIAHGYVEHSVR,True,sp|P00738|HPT_HUMAN Haptoglobin OS=Homo sapiens OX=9606 GN=HP PE=1 SV=1
PYTFHSHGITYYK,True,sp|P00450|CERU_HUMAN Ceruloplasmin OS=Homo sapiens OX=9606 GN=CP PE=1 SV=1
QFSFPLSSEPFQGSYK,True,sp|P01023|A2MG_HUMAN Alpha-2-macroglobulin OS=Homo sapiens OX=9606 GN=A2M PE=1 SV=3
QGHNSVFLIK,True,sp|P02790|HEMO_HUMAN Hemopexin OS=Homo sapiens OX=9606 GN=HPX PE=1 SV=2
RHPDYSVVLLLR,True,sp|P02768|ALBU_HUMAN Albumin OS=Homo sapiens OX=9606 GN=ALB PE=1 SV=2
RHPYFYAPELLFFAK,True,sp|P02768|ALBU_HUMAN Albumin OS=Homo sapiens OX=9606 GN=ALB PE=1 SV=2
RLDGSVDFK,True,sp|P02679|FIBG_HUMAN Fibrinogen gamma chain OS=Homo sapiens OX=9606 GN=FGG PE=1 SV=3
RLDGSVDFKK,True,sp|P02679|FIBG_HUMAN Fibrinogen gamma chain OS=Homo sapiens OX=9606 GN=FGG PE=1 SV=3
RLEVDIDIK,True,sp|P02671|FIBA_HUMAN Fibrinogen alpha chain OS=Homo sapiens OX=9606 GN=FGA PE=1 SV=2
RPYFPVAVGK,True,"sp|Q02985|FHR3_HUMAN Complement factor H-related protein 3 OS=Homo sapiens OX=9606 GN=CFHR3 PE=1 SV=2,sp|P08603|CFAH_HUMAN Complement factor H OS=Homo sapiens OX=9606 GN=CFH PE=1 SV=4"
RQSEDSTFYLGER,True,sp|P00450|CERU_HUMAN Ceruloplasmin OS=Homo sapiens OX=9606 GN=CP PE=1 SV=1
RRDGYLFQLLR,True,sp|P04196|HRG_HUMAN Histidine-rich glycoprotein OS=Homo sapiens OX=9606 GN=HRG PE=1 SV=1
RSFFSFLGEAFDGAR,True,"sp|P0DJI8|SAA1_HUMAN Serum amyloid A-1 protein OS=Homo sapiens OX=9606 GN=SAA1 PE=1 SV=1,sp|P0DJI9|SAA2_HUMAN Serum amyloid A-2 protein OS=Homo sapiens OX=9606 GN=SAA2 PE=1 SV=1"
RTHLPEVFLSK,True,sp|P02774|VTDB_HUMAN Vitamin D-binding protein OS=Homo sapiens OX=9606 GN=GC PE=1 SV=2
RVDTVDPPYPR,True,sp|P04004|VTNC_HUMAN Vitronectin OS=Homo sapiens OX=9606 GN=VTN PE=1 SV=1
RVEPYGENFNK,True,sp|P06727|APOA4_HUMAN Apolipoprotein A-IV OS=Homo sapiens OX=9606 GN=APOA4 PE=1 SV=4
RYIETDPANR,True,sp|P06396|GELS_HUMAN Gelsolin OS=Homo sapiens OX=9606 GN=GSN PE=1 SV=1
FNKPFVFLMIEQNTK,True,sp|P01009|A1AT_HUMAN Alpha-1-antitrypsin OS=Homo sapiens OX=9606 GN=SERPINA1 PE=1 SV=3
GDKVWVYPPEK,True,sp|P02790|HEMO_HUMAN Hemopexin OS=Homo sapiens OX=9606 GN=HPX PE=1 SV=2
GETHEQVHSILHFK,True,sp|P05546|HEP2_HUMAN Heparin cofactor 2 OS=Homo sapiens OX=9606 GN=SERPIND1 PE=1 SV=3
GSPAINVAVHVFRK,True,sp|P02766|TTHY_HUMAN Transthyretin OS=Homo sapiens OX=9606 GN=TTR PE=1 SV=1
GSWVNKFPVEMTHNHNFR,True,sp|P05546|HEP2_HUMAN Heparin cofactor 2 OS=Homo sapiens OX=9606 GN=SERPIND1 PE=1 SV=3
HGTDDGVVWMNWK,True,sp|P02675|FIBB_HUMAN Fibrinogen beta chain OS=Homo sapiens OX=9606 GN=FGB PE=1 SV=2
HTSLGPLEAK,True,sp|P07357|CO8A_HUMAN Complement component C8 alpha chain OS=Homo sapiens OX=9606 GN=C8A PE=1 SV=2
IPKSDVVYTDWKK,True,sp|P02763|A1AG1_HUMAN Alpha-1-acid glycoprotein 1 OS=Homo sapiens OX=9606 GN=ORM1 PE=1 SV=2
IPTTFENGR,True,sp|P05090|APOD_HUMAN Apolipoprotein D OS=Homo sapiens OX=9606 GN=APOD PE=1 SV=1
IQPSGGTNINEALLR,True,sp|P19823|ITIH2_HUMAN Inter-alpha-trypsin inhibitor heavy chain H2 OS=Homo sapiens OX=9606 GN=ITIH2 PE=1 SV=2
KGEWVALNPLRK,True,sp|P08603|CFAH_HUMAN Complement factor H OS=Homo sapiens OX=9606 GN=CFH PE=1 SV=4
KTLLSNLEEAK,True,sp|P10909|CLUS_HUMAN Clusterin OS=Homo sapiens OX=9606 GN=CLU PE=1 SV=1
LDDDLEHQGGHVLDHGHK,True,sp|P01042|KNG1_HUMAN Kininogen-1 OS=Homo sapiens OX=9606 GN=KNG1 PE=1 SV=2
LEQGENVFLQATDK,True,sp|P02746|C1QB_HUMAN Complement C1q subcomponent subunit B OS=Homo sapiens OX=9606 GN=C1QB PE=1 SV=3
LLPHANEVSQK,True,sp|P06727|APOA4_HUMAN Apolipoprotein A-IV OS=Homo sapiens OX=9606 GN=APOA4 PE=1 SV=4
LSPLGEEMR,True,sp|P02647|APOA1_HUMAN Apolipoprotein A-I OS=Homo sapiens OX=9606 GN=APOA1 PE=1 SV=1
LSSPAVITDK,True,sp|P00747|PLMN_HUMAN Plasminogen OS=Homo sapiens OX=9606 GN=PLG PE=1 SV=2
MLTPEHVFIHPGWK,True,sp|P09871|C1S_HUMAN Complement C1s subcomponent OS=Homo sapiens OX=9606 GN=C1S PE=1 SV=1
PVWLGFLGPIIK,True,sp|P00450|CERU_HUMAN Ceruloplasmin OS=Homo sapiens OX=9606 GN=CP PE=1 SV=1
SNLDEDIIAEENIVSR,True,sp|P01024|CO3_HUMAN Complement C3 OS=Homo sapiens OX=9606 GN=C3 PE=1 SV=2
SDVVYTDWKKDK,True,sp|P02763|A1AG1_HUMAN Alpha-1-acid glycoprotein 1 OS=Homo sapiens OX=9606 GN=ORM1 PE=1 SV=2
SEETKENEGFTVTAEGK,True,sp|P01024|CO3_HUMAN Complement C3 OS=Homo sapiens OX=9606 GN=C3 PE=1 SV=2
SELEEQLTPVAEETR,True,sp|P02649|APOE_HUMAN Apolipoprotein E OS=Homo sapiens OX=9606 GN=APOE PE=1 SV=1
SELTQQLNALFQDK,True,sp|P06727|APOA4_HUMAN Apolipoprotein A-IV OS=Homo sapiens OX=9606 GN=APOA4 PE=1 SV=4
SFFSFLGEAFDGAR,True,"sp|P0DJI8|SAA1_HUMAN Serum amyloid A-1 protein OS=Homo sapiens OX=9606 GN=SAA1 PE=1 SV=1,sp|P0DJI9|SAA2_HUMAN Serum amyloid A-2 protein OS=Homo sapiens OX=9606 GN=SAA2 PE=1 SV=1"
SGAQATWTELPWPHEK,True,sp|P02790|HEMO_HUMAN Hemopexin OS=Homo sapiens OX=9606 GN=HPX PE=1 SV=2
SGFPQVSMFFTHTFPK,True,sp|P04196|HRG_HUMAN Histidine-rich glycoprotein OS=Homo sapiens OX=9606 GN=HRG PE=1 SV=1
SGKDPNHFRPAGLPEK,True,sp|P0DJI8|SAA1_HUMAN Serum amyloid A-1 protein OS=Homo sapiens OX=9606 GN=SAA1 PE=1 SV=1
SGVQQLIQYYQDQK,True,sp|Q13790|APOF_HUMAN Apolipoprotein F OS=Homo sapiens OX=9606 GN=APOF PE=1 SV=2
SHALQLNNR,True,"sp|P0C0L4|CO4A_HUMAN Complement C4-A OS=Homo sapiens OX=9606 GN=C4A PE=1 SV=2,sp|P0C0L5|CO4B_HUMAN Complement C4-B OS=Homo sapiens OX=9606 GN=C4B_2 PE=1 SV=2"
SIEVFGQFNGK,True,sp|P02748|CO9_HUMAN Complement component C9 OS=Homo sapiens OX=9606 GN=C9 PE=1 SV=2
SKEFQLFSSPHGK,True,sp|P02787|TRFE_HUMAN Serotransferrin OS=Homo sapiens OX=9606 GN=TF PE=1 SV=4
SKEQLTPLIK,True,sp|P02652|APOA2_HUMAN Apolipoprotein A-II OS=Homo sapiens OX=9606 GN=APOA2 PE=1 SV=1
SLAELGGHLDQQVEEFRR,True,sp|P06727|APOA4_HUMAN Apolipoprotein A-IV OS=Homo sapiens OX=9606 GN=APOA4 PE=1 SV=4
SLAPYAQDTQEK,True,sp|P06727|APOA4_HUMAN Apolipoprotein A-IV OS=Homo sapiens OX=9606 GN=APOA4 PE=1 SV=4
SLHTLFGDK,True,sp|P02768|ALBU_HUMAN Albumin OS=Homo sapiens OX=9606 GN=ALB PE=1 SV=2
SPELQAEAK,True,sp|P02652|APOA2_HUMAN Apolipoprotein A-II OS=Homo sapiens OX=9606 GN=APOA2 PE=1 SV=1
SPELQAEAKSYFEK,True,sp|P02652|APOA2_HUMAN Apolipoprotein A-II OS=Homo sapiens OX=9606 GN=APOA2 PE=1 SV=1
SSALDMENFR,True,sp|P19823|ITIH2_HUMAN Inter-alpha-trypsin inhibitor heavy chain H2 OS=Homo sapiens OX=9606 GN=ITIH2 PE=1 SV=2
SSEDPNEDIVER,True,sp|P01591|IGJ_HUMAN Immunoglobulin J chain OS=Homo sapiens OX=9606 GN=JCHAIN PE=1 SV=4
SSLSVPYVIVPLK,True,sp|P01024|CO3_HUMAN Complement C3 OS=Homo sapiens OX=9606 GN=C3 PE=1 SV=2
SSNLIILEEHLK,True,sp|P08603|CFAH_HUMAN Complement factor H OS=Homo sapiens OX=9606 GN=CFH PE=1 SV=4
SVLGQLGITK,True,sp|P01009|A1AT_HUMAN Alpha-1-antitrypsin OS=Homo sapiens OX=9606 GN=SERPINA1 PE=1 SV=3
SVNDLYIQK,True,sp|P05546|HEP2_HUMAN Heparin cofactor 2 OS=Homo sapiens OX=9606 GN=SERPIND1 PE=1 SV=3
SVSDGIAALDLNAVANK,True,sp|P04114|APOB_HUMAN Apolipoprotein B-100 OS=Homo sapiens OX=9606 GN=APOB PE=1 SV=2
SVVDENFSWYLEDNIK,True,sp|P00450|CERU_HUMAN Ceruloplasmin OS=Homo sapiens OX=9606 GN=CP PE=1 SV=1
SYFEKSKEQLTPLIK,True,sp|P02652|APOA2_HUMAN Apolipoprotein A-II OS=Homo sapiens OX=9606 GN=APOA2 PE=1 SV=1
SYFPESWLWEVHLVPR,True,sp|P01031|CO5_HUMAN Complement C5 OS=Homo sapiens OX=9606 GN=C5 PE=1 SV=4
SYTITGLQPGTDYK,True,sp|P02751|FINC_HUMAN Fibronectin OS=Homo sapiens OX=9606 GN=FN1 PE=1 SV=5
TAAQNLYEK,True,sp|P02655|APOC2_HUMAN Apolipoprotein C-II OS=Homo sapiens OX=9606 GN=APOC2 PE=1 SV=1
TAAQNLYEKTYLPAVDEK,True,sp|P02655|APOC2_HUMAN Apolipoprotein C-II OS=Homo sapiens OX=9606 GN=APOC2 PE=1 SV=1
TAGWNIPMGLLYNK,True,sp|P02787|TRFE_HUMAN Serotransferrin OS=Homo sapiens OX=9606 GN=TF PE=1 SV=4
TDAPDLPEENQAR,True,sp|P01031|CO5_HUMAN Complement C5 OS=Homo sapiens OX=9606 GN=C5 PE=1 SV=4
TEDTIFLR,True,"sp|P19652|A1AG2_HUMAN Alpha-1-acid glycoprotein 2 OS=Homo sapiens OX=9606 GN=ORM2 PE=1 SV=2,sp|P02763|A1AG1_HUMAN Alpha-1-acid glycoprotein 1 OS=Homo sapiens OX=9606 GN=ORM1 PE=1 SV=2"
TEGDGVYTLNDK,True,"sp|P00738|HPT_HUMAN Haptoglobin OS=Homo sapiens OX=9606 GN=HP PE=1 SV=1,sp|P00739|HPTR_HUMAN Haptoglobin-related protein OS=Homo sapiens OX=9606 GN=HPR PE=2 SV=2"
TEHPFTVEEFVLPK,True,sp|P01023|A2MG_HUMAN Alpha-2-macroglobulin OS=Homo sapiens OX=9606 GN=A2M PE=1 SV=3
TEHYEEQIEAFK,True,sp|P02748|CO9_HUMAN Complement component C9 OS=Homo sapiens OX=9606 GN=C9 PE=1 SV=2
TELRPGETLNVNFLLR,True,sp|P01024|CO3_HUMAN Complement C3 OS=Homo sapiens OX=9606 GN=C3 PE=1 SV=2
TEVNVLPGAK,True,sp|P19823|ITIH2_HUMAN Inter-alpha-trypsin inhibitor heavy chain H2 OS=Homo sapiens OX=9606 GN=ITIH2 PE=1 SV=2
TGAQELLR,True,sp|P06396|GELS_HUMAN Gelsolin OS=Homo sapiens OX=9606 GN=GSN PE=1 SV=1
TGLQEVEVK,True,sp|P01024|CO3_HUMAN Complement C3 OS=Homo sapiens OX=9606 GN=C3 PE=1 SV=2
THLAPYSDELR,True,sp|P02647|APOA1_HUMAN Apolipoprotein A-I OS=Homo sapiens OX=9606 GN=APOA1 PE=1 SV=1
THLPEVFLSK,True,sp|P02774|VTDB_HUMAN Vitamin D-binding protein OS=Homo sapiens OX=9606 GN=GC PE=1 SV=2
THLPEVFLSKVLEPTLK,True,sp|P02774|VTDB_HUMAN Vitamin D-binding protein OS=Homo sapiens OX=9606 GN=GC PE=1 SV=2
TILGTMPAFEVSLQALQK,True,sp|P04114|APOB_HUMAN Apolipoprotein B-100 OS=Homo sapiens OX=9606 GN=APOB PE=1 SV=2
TLEAQLTPR,True,sp|P05546|HEP2_HUMAN Heparin cofactor 2 OS=Homo sapiens OX=9606 GN=SERPIND1 PE=1 SV=3
TLLPVSKPEIR,True,sp|P01031|CO5_HUMAN Complement C5 OS=Homo sapiens OX=9606 GN=C5 PE=1 SV=4
TLLSNLEEAK,True,sp|P10909|CLUS_HUMAN Clusterin OS=Homo sapiens OX=9606 GN=CLU PE=1 SV=1
TMEQFTIHLTVNPQSK,True,sp|P19827|ITIH1_HUMAN Inter-alpha-trypsin inhibitor heavy chain H1 OS=Homo sapiens OX=9606 GN=ITIH1 PE=1 SV=3
TMTIHNGMFFSTYDR,True,sp|P02675|FIBB_HUMAN Fibrinogen beta chain OS=Homo sapiens OX=9606 GN=FGB PE=1 SV=2
TNFDNDIALVR,True,sp|P09871|C1S_HUMAN Complement C1s subcomponent OS=Homo sapiens OX=9606 GN=C1S PE=1 SV=1
TPSAAYLWVGTGASEAEK,True,sp|P06396|GELS_HUMAN Gelsolin OS=Homo sapiens OX=9606 GN=GSN PE=1 SV=1
TSNFNAAISLK,True,sp|P02748|CO9_HUMAN Complement component C9 OS=Homo sapiens OX=9606 GN=C9 PE=1 SV=2
TTIEKPVWLGFLGPIIK,True,sp|P00450|CERU_HUMAN Ceruloplasmin OS=Homo sapiens OX=9606 GN=CP PE=1 SV=1
TTNIQGINLLFSSR,True,"sp|P0C0L4|CO4A_HUMAN Complement C4-A OS=Homo sapiens OX=9606 GN=C4A PE=1 SV=2,sp|P0C0L5|CO4B_HUMAN Complement C4-B OS=Homo sapiens OX=9606 GN=C4B_2 PE=1 SV=2"
TVGSDTFYSFK,True,sp|P01042|KNG1_HUMAN Kininogen-1 OS=Homo sapiens OX=9606 GN=KNG1 PE=1 SV=2
TVIGPDGHK,True,sp|P02671|FIBA_HUMAN Fibrinogen alpha chain OS=Homo sapiens OX=9606 GN=FGA PE=1 SV=2
TVMVNIENPEGIPVK,True,sp|P01024|CO3_HUMAN Complement C3 OS=Homo sapiens OX=9606 GN=C3 PE=1 SV=2
TWRNDLISATK,True,sp|P19823|ITIH2_HUMAN Inter-alpha-trypsin inhibitor heavy chain H2 OS=Homo sapiens OX=9606 GN=ITIH2 PE=1 SV=2
TYETTLEK,True,sp|P02768|ALBU_HUMAN Albumin OS=Homo sapiens OX=9606 GN=ALB PE=1 SV=2
TYLPAVDEK,True,sp|P02655|APOC2_HUMAN Apolipoprotein C-II OS=Homo sapiens OX=9606 GN=APOC2 PE=1 SV=1
TYLPAVDEKLR,True,sp|P02655|APOC2_HUMAN Apolipoprotein C-II OS=Homo sapiens OX=9606 GN=APOC2 PE=1 SV=1
TYLPAVDEKLRDLYSK,True,sp|P02655|APOC2_HUMAN Apolipoprotein C-II OS=Homo sapiens OX=9606 GN=APOC2 PE=1 SV=1
TYMLAFDVNDEK,True,sp|P02763|A1AG1_HUMAN Alpha-1-acid glycoprotein 1 OS=Homo sapiens OX=9606 GN=ORM1 PE=1 SV=2
TYNVLDMK,True,"sp|P0C0L4|CO4A_HUMAN Complement C4-A OS=Homo sapiens OX=9606 GN=C4A PE=1 SV=2,sp|P0C0L5|CO4B_HUMAN Complement C4-B OS=Homo sapiens OX=9606 GN=C4B_2 PE=1 SV=2"
VDKDNEDFQESNR,True,sp|P00450|CERU_HUMAN Ceruloplasmin OS=Homo sapiens OX=9606 GN=CP PE=1 SV=1
VDVIPVNLPGEHGQR,True,sp|P02751|FINC_HUMAN Fibronectin OS=Homo sapiens OX=9606 GN=FN1 PE=1 SV=5
VEDPESTLFGSVIR,True,sp|P09871|C1S_HUMAN Complement C1s subcomponent OS=Homo sapiens OX=9606 GN=C1S PE=1 SV=1
VFDEFKPLVEEPQNLIK,True,sp|P02768|ALBU_HUMAN Albumin OS=Homo sapiens OX=9606 GN=ALB PE=1 SV=2
VFSNGADLSGVTEEAPLK,True,sp|P01009|A1AT_HUMAN Alpha-1-antitrypsin OS=Homo sapiens OX=9606 GN=SERPINA1 PE=1 SV=3
VGDTLNLNLR,True,"sp|P0C0L4|CO4A_HUMAN Complement C4-A OS=Homo sapiens OX=9606 GN=C4A PE=1 SV=2,sp|P0C0L5|CO4B_HUMAN Complement C4-B OS=Homo sapiens OX=9606 GN=C4B_2 PE=1 SV=2"
VGFYESDVMGR,True,sp|P01023|A2MG_HUMAN Alpha-2-macroglobulin OS=Homo sapiens OX=9606 GN=A2M PE=1 SV=3
VGPEADKYR,True,sp|P02679|FIBG_HUMAN Fibrinogen gamma chain OS=Homo sapiens OX=9606 GN=FGG PE=1 SV=3
VGYVSGWGR,True,sp|P00738|HPT_HUMAN Haptoglobin OS=Homo sapiens OX=9606 GN=HP PE=1 SV=1
VIGNMGQTMEQLTPELK,True,sp|P04114|APOB_HUMAN Apolipoprotein B-100 OS=Homo sapiens OX=9606 GN=APOB PE=1 SV=2
VKDISEVVTPR,True,sp|P00751|CFAB_HUMAN Complement factor B OS=Homo sapiens OX=9606 GN=CFB PE=1 SV=2
VKDLATVYVDVLK,True,sp|P02647|APOA1_HUMAN Apolipoprotein A-I OS=Homo sapiens OX=9606 GN=APOA1 PE=1 SV=1
VKSPELQAEAK,True,sp|P02652|APOA2_HUMAN Apolipoprotein A-II OS=Homo sapiens OX=9606 GN=APOA2 PE=1 SV=1
VKSPELQAEAKSYFEK,True,sp|P02652|APOA2_HUMAN Apolipoprotein A-II OS=Homo sapiens OX=9606 GN=APOA2 PE=1 SV=1
VLEPTLK,True,sp|P02774|VTDB_HUMAN Vitamin D-binding protein OS=Homo sapiens OX=9606 GN=GC PE=1 SV=2
VLNQELR,True,sp|P05090|APOD_HUMAN Apolipoprotein D OS=Homo sapiens OX=9606 GN=APOD PE=1 SV=1
VLSLAQEQVGGSPEK,True,"sp|P0C0L4|CO4A_HUMAN Complement C4-A OS=Homo sapiens OX=9606 GN=C4A PE=1 SV=2,sp|P0C0L5|CO4B_HUMAN Complement C4-B OS=Homo sapiens OX=9606 GN=C4B_2 PE=1 SV=2"
VLVDHFGYTK,True,sp|P04114|APOB_HUMAN Apolipoprotein B-100 OS=Homo sapiens OX=9606 GN=APOB PE=1 SV=2
VMDKYTFELSR,True,sp|P02774|VTDB_HUMAN Vitamin D-binding protein OS=Homo sapiens OX=9606 GN=GC PE=1 SV=2
VNKDDEEFIESNK,True,sp|P00450|CERU_HUMAN Ceruloplasmin OS=Homo sapiens OX=9606 GN=CP PE=1 SV=1
VPEARPNSMVVEHPEFLK,True,sp|P06396|GELS_HUMAN Gelsolin OS=Homo sapiens OX=9606 GN=GSN PE=1 SV=1
VPGLYYFTYHASSR,True,sp|P02746|C1QB_HUMAN Complement C1q subcomponent subunit B OS=Homo sapiens OX=9606 GN=C1QB PE=1 SV=3
VPGTSTSATLTGLTR,True,sp|P02751|FINC_HUMAN Fibronectin OS=Homo sapiens OX=9606 GN=FN1 PE=1 SV=5
VPLLLSEPINIIDALEMR,True,sp|P04114|APOB_HUMAN Apolipoprotein B-100 OS=Homo sapiens OX=9606 GN=APOB PE=1 SV=2
VPQVSTPTLVEVSR,True,sp|P02768|ALBU_HUMAN Albumin OS=Homo sapiens OX=9606 GN=ALB PE=1 SV=2
VQHIQLLQK,True,sp|P02671|FIBA_HUMAN Fibrinogen alpha chain OS=Homo sapiens OX=9606 GN=FGA PE=1 SV=2
VQPYLDDFQK,True,sp|P02647|APOA1_HUMAN Apolipoprotein A-I OS=Homo sapiens OX=9606 GN=APOA1 PE=1 SV=1
VRGGEGTGYFVDFSVR,True,sp|P04196|HRG_HUMAN Histidine-rich glycoprotein OS=Homo sapiens OX=9606 GN=HRG PE=1 SV=1
VSFLSALEEYTK,True,sp|P02647|APOA1_HUMAN Apolipoprotein A-I OS=Homo sapiens OX=9606 GN=APOA1 PE=1 SV=1
VTIMWTPPESAVTGYR,True,sp|P02751|FINC_HUMAN Fibronectin OS=Homo sapiens OX=9606 GN=FN1 PE=1 SV=5
VTWAPPPSIDLTNFLVR,True,sp|P02751|FINC_HUMAN Fibronectin OS=Homo sapiens OX=9606 GN=FN1 PE=1 SV=5
VVGGLVALR,True,sp|P00748|FA12_HUMAN Coagulation factor XII OS=Homo sapiens OX=9606 GN=F12 PE=1 SV=3
VVLHPNYSQVDIGLIK,True,sp|P00738|HPT_HUMAN Haptoglobin OS=Homo sapiens OX=9606 GN=HP PE=1 SV=1
VWVYPPEKK,True,sp|P02790|HEMO_HUMAN Hemopexin OS=Homo sapiens OX=9606 GN=HPX PE=1 SV=2
VWVYPPEKK,True,sp|P02790|HEMO_HUMAN Hemopexin OS=Homo sapiens OX=9606 GN=HPX PE=1 SV=2
VYKPSAGNNSLYR,True,sp|P02749|APOH_HUMAN Beta-2-glycoprotein 1 OS=Homo sapiens OX=9606 GN=APOH PE=1 SV=3
VYSLNDDLKPAK,True,sp|P01031|CO5_HUMAN Complement C5 OS=Homo sapiens OX=9606 GN=C5 PE=1 SV=4
WFYIASAFR,True,"sp|P19652|A1AG2_HUMAN Alpha-1-acid glycoprotein 2 OS=Homo sapiens OX=9606 GN=ORM2 PE=1 SV=2,sp|P02763|A1AG1_HUMAN Alpha-1-acid glycoprotein 1 OS=Homo sapiens OX=9606 GN=ORM1 PE=1 SV=2"
WKNFPSPVDAAFR,True,sp|P02790|HEMO_HUMAN Hemopexin OS=Homo sapiens OX=9606 GN=HPX PE=1 SV=2
WLPSSSPVTGYR,True,sp|P02751|FINC_HUMAN Fibronectin OS=Homo sapiens OX=9606 GN=FN1 PE=1 SV=5
WQEEMELYR,True,sp|P02647|APOA1_HUMAN Apolipoprotein A-I OS=Homo sapiens OX=9606 GN=APOA1 PE=1 SV=1
WSRPQAPITGYR,True,sp|P02751|FINC_HUMAN Fibronectin OS=Homo sapiens OX=9606 GN=FN1 PE=1 SV=5
WYEIEKIPTTFENGR,True,sp|P05090|APOD_HUMAN Apolipoprotein D OS=Homo sapiens OX=9606 GN=APOD PE=1 SV=1
YEASILTHDSSIR,True,sp|P02679|FIBG_HUMAN Fibrinogen gamma chain OS=Homo sapiens OX=9606 GN=FGG PE=1 SV=3
YEFLNGR,True,sp|P00747|PLMN_HUMAN Plasminogen OS=Homo sapiens OX=9606 GN=PLG PE=1 SV=2
YEITTIHNLFR,True,sp|P05546|HEP2_HUMAN Heparin cofactor 2 OS=Homo sapiens OX=9606 GN=SERPIND1 PE=1 SV=3
YFIDFVAR,True,sp|P01042|KNG1_HUMAN Kininogen-1 OS=Homo sapiens OX=9606 GN=KNG1 PE=1 SV=2
YGLVTYATYPK,True,sp|P00751|CFAB_HUMAN Complement factor B OS=Homo sapiens OX=9606 GN=CFB PE=1 SV=2
YGMVAQVTQTLK,True,sp|P04114|APOB_HUMAN Apolipoprotein B-100 OS=Homo sapiens OX=9606 GN=APOB PE=1 SV=2
YKEENDDFASFRVDR,True,sp|P04196|HRG_HUMAN Histidine-rich glycoprotein OS=Homo sapiens OX=9606 GN=HRG PE=1 SV=1
YLGEEYVK,True,sp|P02787|TRFE_HUMAN Serotransferrin OS=Homo sapiens OX=9606 GN=TF PE=1 SV=4
YLQEIYNSNNQK,True,sp|P02679|FIBG_HUMAN Fibrinogen gamma chain OS=Homo sapiens OX=9606 GN=FGG PE=1 SV=3
YLQEIYNSNNQKIVNLK,True,sp|P02679|FIBG_HUMAN Fibrinogen gamma chain OS=Homo sapiens OX=9606 GN=FGG PE=1 SV=3
YLYEIAR,True,sp|P02768|ALBU_HUMAN Albumin OS=Homo sapiens OX=9606 GN=ALB PE=1 SV=2
YNPVVIDFEMQPIHEVLR,True,sp|P07357|CO8A_HUMAN Complement component C8 alpha chain OS=Homo sapiens OX=9606 GN=C8A PE=1 SV=2
YQISVNK,True,sp|P02675|FIBB_HUMAN Fibrinogen beta chain OS=Homo sapiens OX=9606 GN=FGB PE=1 SV=2
YTFELSR,True,sp|P02774|VTDB_HUMAN Vitamin D-binding protein OS=Homo sapiens OX=9606 GN=GC PE=1 SV=2
YVGGQEHFAHLLILR,True,sp|P02763|A1AG1_HUMAN Alpha-1-acid glycoprotein 1 OS=Homo sapiens OX=9606 GN=ORM1 PE=1 SV=2
YVLPNFEVK,True,"sp|P0C0L4|CO4A_HUMAN Complement C4-A OS=Homo sapiens OX=9606 GN=C4A PE=1 SV=2,sp|P0C0L5|CO4B_HUMAN Complement C4-B OS=Homo sapiens OX=9606 GN=C4B_2 PE=1 SV=2"
YVNKEIQNAVNGVK,True,sp|P10909|CLUS_HUMAN Clusterin OS=Homo sapiens OX=9606 GN=CLU PE=1 SV=1
YYTYLIMNK,True,sp|P01024|CO3_HUMAN Complement C3 OS=Homo sapiens OX=9606 GN=C3 PE=1 SV=2
NRDVVLTTTFVDDIK,True,sp|P02748|CO9_HUMAN Complement component C9 OS=Homo sapiens OX=9606 GN=C9 PE=1 SV=2
RQDNEILIFWSK,True,sp|P02741|CRP_HUMAN C-reactive protein OS=Homo sapiens OX=9606 GN=CRP PE=1 SV=1
RTHLPEVFLSKVLEPTLK,True,sp|P02774|VTDB_HUMAN Vitamin D-binding protein OS=Homo sapiens OX=9606 GN=GC PE=1 SV=2
SDVVYTDWK,True,sp|P02763|A1AG1_HUMAN Alpha-1-acid glycoprotein 1 OS=Homo sapiens OX=9606 GN=ORM1 PE=1 SV=2
SDVVYTDWKK,True,sp|P02763|A1AG1_HUMAN Alpha-1-acid glycoprotein 1 OS=Homo sapiens OX=9606 GN=ORM1 PE=1 SV=2
SIEVFGQFNGKR,True,sp|P02748|CO9_HUMAN Complement component C9 OS=Homo sapiens OX=9606 GN=C9 PE=1 SV=2
SKEQLTPLIKK,True,sp|P02652|APOA2_HUMAN Apolipoprotein A-II OS=Homo sapiens OX=9606 GN=APOA2 PE=1 SV=1
SWFEPLVEDMQR,True,sp|P02649|APOE_HUMAN Apolipoprotein E OS=Homo sapiens OX=9606 GN=APOE PE=1 SV=1
SYFEKSKEQLTPLIKK,True,sp|P02652|APOA2_HUMAN Apolipoprotein A-II OS=Homo sapiens OX=9606 GN=APOA2 PE=1 SV=1
TLLSNLEEAKK,True,sp|P10909|CLUS_HUMAN Clusterin OS=Homo sapiens OX=9606 GN=CLU PE=1 SV=1
TVIGPDGHKEVTK,True,sp|P02671|FIBA_HUMAN Fibrinogen alpha chain OS=Homo sapiens OX=9606 GN=FGA PE=1 SV=2
VDTVDPPYPR,True,sp|P04004|VTNC_HUMAN Vitronectin OS=Homo sapiens OX=9606 GN=VTN PE=1 SV=1
VQFELHYQEVK,True,sp|P19823|ITIH2_HUMAN Inter-alpha-trypsin inhibitor heavy chain H2 OS=Homo sapiens OX=9606 GN=ITIH2 PE=1 SV=2
VTFQLTYEEVLK,True,sp|P19827|ITIH1_HUMAN Inter-alpha-trypsin inhibitor heavy chain H1 OS=Homo sapiens OX=9606 GN=ITIH1 PE=1 SV=3
WDPYKQGFGNVATNTDGK,True,sp|P02675|FIBB_HUMAN Fibrinogen beta chain OS=Homo sapiens OX=9606 GN=FGB PE=1 SV=2
WFYIASAFRNEEYNK,True,"sp|P19652|A1AG2_HUMAN Alpha-1-acid glycoprotein 2 OS=Homo sapiens OX=9606 GN=ORM2 PE=1 SV=2,sp|P02763|A1AG1_HUMAN Alpha-1-acid glycoprotein 1 OS=Homo sapiens OX=9606 GN=ORM1 PE=1 SV=2"
YVGGQEHFAHLLILRDTK,True,sp|P02763|A1AG1_HUMAN Alpha-1-acid glycoprotein 1 OS=Homo sapiens OX=9606 GN=ORM1 PE=1 SV=2
TEGDGVYTLNNEK,True,sp|P00738|HPT_HUMAN Haptoglobin OS=Homo sapiens OX=9606 GN=HP PE=1 SV=1
VELEDWNGR,True,sp|P02679|FIBG_HUMAN Fibrinogen gamma chain OS=Homo sapiens OX=9606 GN=FGG PE=1 SV=3
