CheetahProteinDescription,HumanName
alpha-1B-glycoprotein,Alpha-1B-glycoprotein
alpha-2-macroglobulin,Alpha-2-macroglobulin
ATP-binding cassette sub-family F member 1,ATP-binding cassette sub-family F member 1
target of Nesh-SH3,Target of Nesh-SH3
Active breakpoint cluster region-related protein,Active breakpoint cluster region-related protein
ABRA C-terminal-like protein,Costars family protein ABRACL
"3-ketoacyl-CoA thiolase, peroxisomal","3-ketoacyl-CoA thiolase, peroxisomal"
"3-ketoacyl-CoA thiolase, mitochondrial","3-ketoacyl-CoA thiolase, mitochondrial"
"very long-chain specific acyl-CoA dehydrogenase, mitochondrial","Very long-chain specific acyl-CoA dehydrogenase, mitochondrial"
"acetyl-CoA acetyltransferase, mitochondrial","Acetyl-CoA acetyltransferase, mitochondrial"
"acetyl-CoA acetyltransferase, cytosolic","Acetyl-CoA acetyltransferase, cytosolic"
Angiotensin-converting enzyme,Angiotensin-converting enzyme 
Carboxylic ester hydrolase,Acetylcholinesterase
ATP-citrate synthase,ATP-citrate synthase
"Aconitate hydratase, mitochondrial","Aconitate hydratase, mitochondrial"
acyl-coenzyme A thioesterase 13,"Acyl-coenzyme A thioesterase 13, N-terminally processed"
Acetyl-coenzyme A synthetase,"Acetyl-coenzyme A synthetase 2-like, mitochondrial"
Propionate--CoA ligase,"Acetyl-coenzyme A synthetase, cytoplasmic"
"actin, alpha skeletal muscle","Actin, alpha skeletal muscle"
"actin, cytoplasmic 1","Actin, cytoplasmic 1"
"actin, cytoplasmic 2","Actin, cytoplasmic 2"
alpha-actinin-1,Alpha-actinin-1
alpha-actinin-2,Alpha-actinin-2
alpha-actinin-3,Alpha-actinin-3
alpha-actinin-4,Alpha-actinin-4
actin-related protein 10,Actin-related protein 10
alpha-centractin,Alpha-centractin
actin-related protein 2,Actin-related protein 2
Actin-like protein 3,Actin-related protein 3
actin-related protein 3B,Actin-related protein 3B
Disintegrin and metalloproteinase domain-containing protein 10,Disintegrin and metalloproteinase domain-containing protein 10
A disintegrin and metalloproteinase with thrombospondin motifs 13,A disintegrin and metalloproteinase with thrombospondin motifs 13
ADAMTS-like protein 2,ADAMTS-like protein 2
Adenylate cyclase,Adenylate cyclase type 6
alpha-adducin,Alpha-adducin
beta-adducin,Beta-adducin
alcohol dehydrogenase E chain,Alcohol dehydrogenase E chain 
S-(hydroxymethyl)glutathione dehydrogenase,Alcohol dehydrogenase class-3 
adiponectin,Adiponectin
Adenosine kinase,Adenosine kinase
proteasomal ubiquitin receptor ADRM1,Proteasomal ubiquitin receptor ADRM1
Adenylosuccinate lyase,Adenylosuccinate lyase
Adenylosuccinate synthetase isozyme 1,Adenylosuccinate synthetase isozyme 1
Adenylosuccinate synthetase isozyme 2,Adenylosuccinate synthetase isozyme 2
afamin,Afamin
alpha-fetoprotein,Alpha-fetoprotein 
Glycogen debrancher,Glycogen debranching enzyme
Angiotensinogen,Angiotensinogen
Adenosylhomocysteinase,Adenosylhomocysteinase
neuroblast differentiation-associated protein AHNAK,Neuroblast differentiation-associated protein AHNAK
Alpha-2-HS-glycoprotein,Alpha-2-HS-glycoprotein
Adenylate kinase isoenzyme 1,Adenylate kinase isoenzyme 1
"Adenylate kinase 2, mitochondrial","Adenylate kinase 2, mitochondrial"
A-kinase anchor protein 12,A-kinase anchor protein 12
Alcohol dehydrogenase [NADP(+)],Aldo-keto reductase family 1 member A1
aldose reductase,Aldo-keto reductase family 1 member B1 
Delta-aminolevulinic acid dehydratase,Delta-aminolevulinic acid dehydratase
serum albumin,Albumin
Activated leukocyte cell adhesion molecule,CD166 antigen
aldehyde dehydrogenase family 1 member A3,Aldehyde dehydrogenase family 1 member A3
Aldehyde dehydrogenase,Aldehyde dehydrogenase family 3 member A2
"methylmalonate-semialdehyde dehydrogenase [acylating], mitochondrial","Methylmalonate-semialdehyde dehydrogenase [acylating], mitochondrial"
Aldehyde dehydrogenase (NAD(+)),Alpha-aminoadipic semialdehyde dehydrogenase
4-trimethylaminobutyraldehyde dehydrogenase,"4-trimethylaminobutyraldehyde dehydrogenase, N-terminally processed"
Fructose-bisphosphate aldolase,Fructose-bisphosphate aldolase A
Fructose-bisphosphate aldolase,Fructose-bisphosphate aldolase B
Fructose-bisphosphate aldolase,Fructose-bisphosphate aldolase C
"arachidonate 12-lipoxygenase, 12S-type",Polyunsaturated fatty acid lipoxygenase ALOX12 
arachidonate 5-lipoxygenase,Polyunsaturated fatty acid 5-lipoxygenase
Protein AMBP,Protein AMBP
Alpha-amylase,Alpha-amylase 2B 
angiogenin,Angiogenin
angiopoietin-related protein 3,Angiopoietin-related protein 3
angiopoietin-related protein 6,Angiopoietin-related protein 6
ankyrin-1,Ankyrin-1
ankyrin repeat domain-containing protein 13A,Ankyrin repeat domain-containing protein 13A
Anoctamin,Anoctamin-6
anthrax toxin receptor 1,Anthrax toxin receptor 1
Anthrax toxin receptor,Anthrax toxin receptor 2
Annexin,Annexin A1
Annexin,Annexin A11
Annexin,Annexin A2
Annexin,Annexin A5
Annexin,Annexin A6
Annexin,Annexin A8 
Amine oxidase,Membrane primary amine oxidase 
Amine oxidase,Membrane primary amine oxidase 
AP complex subunit beta,AP-1 complex subunit beta-1
AP-1 complex subunit gamma,AP-1 complex subunit gamma-1
AP-1 complex subunit mu-1,AP-1 complex subunit mu-1
AP complex subunit sigma,AP-1 complex subunit sigma-1A
AP-2 complex subunit alpha,AP-2 complex subunit alpha-1
AP-2 complex subunit alpha,AP-2 complex subunit alpha-2
AP complex subunit beta,AP-2 complex subunit beta
AP-3 complex subunit beta,AP-3 complex subunit beta-1
Apoptotic protease-activating factor 1,Apoptotic protease-activating factor 1
Acyl-peptide hydrolase,Acylamino-acid-releasing enzyme
apoptosis inhibitor 5,Apoptosis inhibitor 5
apolipoprotein A-I,Apolipoprotein A-I
Apolipoprotein A-II,Apolipoprotein A-II
apolipoprotein A-IV,Apolipoprotein A-IV
apolipoprotein B-100,Apolipoprotein B-100
apolipoprotein B receptor,Apolipoprotein B receptor
Apolipoprotein C-I,Apolipoprotein C-I
Apolipoprotein C-II,Apolipoprotein C-II
Apolipoprotein C-III,Apolipoprotein C-III
Apolipoprotein C-IV,Apolipoprotein C-IV
Apolipoprotein D,Apolipoprotein D
apolipoprotein E,Apolipoprotein E
apolipoprotein F,Apolipoprotein F
Apolipoprotein H,Beta-2-glycoprotein 1
Apolipoprotein M,Apolipoprotein M
apolipoprotein R,Apolipoprotein R 
Amyloid-beta A4 protein,Amyloid-beta precursor protein (APP) (ABPP) (APPI) (Alzheimer disease amyloid A4 protein homolog) (Alzheimer disease amyloid protein) (Amyloid precursor protein) (Amyloid-beta (A4) precursor protein) (Amyloid-beta A4 protein) (Cerebral vascular amyloid peptide) (CVAP) (PreA4) (Protease nexin-II) (PN-II) [Cleaved into: N-APP; Soluble APP-alpha (S-APP-alpha); Soluble APP-beta (S-APP-beta); C99
Adenine phosphoribosyltransferase,Adenine phosphoribosyltransferase
ADP-ribosylation factor 2,ADP-ribosylation factor 1 
ADP-ribosylation factor 3,ADP-ribosylation factor 3
ADP-ribosylation factor 4,ADP-ribosylation factor 4
Arginase,Arginase-1
rho GTPase-activating protein 1,Rho GTPase-activating protein 1
rho GTPase-activating protein 17,Rho GTPase-activating protein 17
rho GTPase-activating protein 18,Rho GTPase-activating protein 18
rho GTPase-activating protein 45,Rho GTPase-activating protein 45 [Cleaved into: Minor histocompatibility antigen HA-1
rho GTPase-activating protein 6,Rho GTPase-activating protein 6
rho GDP-dissociation inhibitor 1,Rho GDP-dissociation inhibitor 1
rho GDP-dissociation inhibitor 2,Rho GDP-dissociation inhibitor 2
ADP-ribosylation factor-like protein 6-interacting protein 1,ADP-ribosylation factor-like protein 6-interacting protein 1
PRA1 family protein,PRA1 family protein 3
ADP-ribosylation factor-like protein 8B,ADP-ribosylation factor-like protein 8B
Actin-related protein 2/3 complex subunit,Actin-related protein 2/3 complex subunit 1A
Actin-related protein 2/3 complex subunit,Actin-related protein 2/3 complex subunit 1B
Arp2/3 complex 34 kDa subunit,Actin-related protein 2/3 complex subunit 2
Actin-related protein 2/3 complex subunit 3,Actin-related protein 2/3 complex subunit 3
Actin-related protein 2/3 complex subunit 4,Actin-related protein 2/3 complex subunit 4
Actin-related protein 2/3 complex subunit 5,Actin-related protein 2/3 complex subunit 5
beta-arrestin-1,Beta-arrestin-1
NAD(P)(+)--arginine ADP-ribosyltransferase,Ecto-ADP-ribosyltransferase 3
Neutral ceramidase,Neutral ceramidase
Argininosuccinate lyase,Argininosuccinate lyase
asporin,Asporin
Argininosuccinate synthase,Argininosuccinate synthase
AICAR transformylase/inosine monophosphate cyclohydrolase,Bifunctional purine biosynthesis protein ATIC
atlastin-3,Atlastin-3 
atlastin-3,Atlastin-3 
Calcium-transporting ATPase,Sarcoplasmic/endoplasmic reticulum calcium ATPase 2
Calcium-transporting ATPase,Sarcoplasmic/endoplasmic reticulum calcium ATPase 3
ATP synthase subunit alpha,"ATP synthase subunit alpha, mitochondrial"
ATP synthase subunit beta,"ATP synthase subunit beta, mitochondrial"
ATP synthase F1 subunit epsilon,"ATPase inhibitor, mitochondrial"
"ATP synthase subunit d, mitochondrial","ATP synthase subunit d, mitochondrial"
ATP synthase peripheral stalk subunit OSCP,"ATP synthase subunit O, mitochondrial"
H(+)-transporting two-sector ATPase,V-type proton ATPase catalytic subunit A
Vacuolar proton pump subunit B,"V-type proton ATPase subunit B, brain isoform"
V-type proton ATPase subunit C,V-type proton ATPase subunit C 1
V-type proton ATPase subunit G,V-type proton ATPase subunit G 1
V-type proton ATPase subunit H,V-type proton ATPase subunit H
attractin,Attractin
advillin,Advillin
zinc-alpha-2-glycoprotein,Zinc-alpha-2-glycoprotein
Beta-2-microglobulin,Beta-2-microglobulin [Cleaved into: Beta-2-microglobulin form pI 5.3]
Hexosyltransferase,"N-acetyllactosaminide beta-1,3-N-acetylglucosaminyltransferase 2"
"Beta-1,4-glucuronyltransferase 1","Beta-1,4-glucuronyltransferase 1"
brain acid soluble protein 1,Brain acid soluble protein 1
basal cell adhesion molecule,Basal cell adhesion molecule
B-cell receptor-associated protein,B-cell receptor-associated protein 31
Carboxylic ester hydrolase,Cholinesterase
"D-beta-hydroxybutyrate dehydrogenase, mitochondrial","D-beta-hydroxybutyrate dehydrogenase, mitochondrial"
betaine--homocysteine S-methyltransferase 1,Betaine--homocysteine S-methyltransferase 1
myc box-dependent-interacting protein 1,Myc box-dependent-interacting protein 1 
bridging integrator 2,Bridging integrator 2
Bleomycin hydrolase,Bleomycin hydrolase
flavin reductase (NADPH),Flavin reductase
Metalloendopeptidase,Bone morphogenetic protein 1
BCL2/adenovirus E1B 19 kDa protein-interacting protein 2,BCL2/adenovirus E1B 19 kDa protein-interacting protein 2 
Bactericidal permeability-increasing protein,Bactericidal permeability-increasing protein
Breast cancer type 1 susceptibility protein homolog,Breast cancer type 1 susceptibility protein
biotinidase,Biotinidase
Tyrosine-protein kinase,Tyrosine-protein kinase BTK
butyrophilin subfamily 1 member A1,Butyrophilin subfamily 1 member A1 
butyrophilin-like protein 10,Butyrophilin-like protein 10 
butyrophilin-like protein 10,Butyrophilin-like protein 10 
complement C1q subcomponent subunit A,Complement C1q subcomponent subunit A
complement C1q tumor necrosis factor-related protein 3,Complement C1q tumor necrosis factor-related protein 3
Complement subcomponent C1r,Complement C1r subcomponent
complement C1r subcomponent-like protein,Complement C1r subcomponent-like protein
complement C1s subcomponent,Complement C1s subcomponent
C3/C5 convertase,Complement C2
complement C3,Complement C3 
complement C3 alpha chain,Complement C3 
complement C3 alpha chain,Complement C3 
Complement C3,Complement C3 
complement C4-A,Complement C4-A 
C4b-binding protein alpha chain,C4b-binding protein alpha chain 
C4b-binding protein beta chain,C4b-binding protein beta chain
neuropeptide-like protein C4orf48 homolog,Neuropeptide-like protein C4orf48 
complement C5,Complement C5 
complement C5,Complement C5
Complement component C6,Complement component C6
complement component C7,Complement component C7
complement component C8 alpha chain,Complement component C8 alpha chain
Complement component 8 subunit beta,Complement component C8 beta chain
complement component C8 gamma chain,Complement component C8 gamma chain
Complement component C9,Complement component C9 [Cleaved into: Complement component C9a; Complement component C9b]
Carbonic anhydrase,Carbonic anhydrase 2
Carbonic anhydrase,Carbonic anhydrase 3
calcium-binding protein 39,Calcium-binding protein 39
voltage-dependent calcium channel subunit alpha-2/delta-1,Voltage-dependent calcium channel subunit alpha-2/delta-1
CAD protein,CAD protein [Includes: Glutamine-dependent carbamoyl-phosphate synthase
caldesmon,Caldesmon
calmodulin-1,Calmodulin-3
Calreticulin,Calreticulin
calcium/calmodulin-dependent protein kinase type 1,Calcium/calmodulin-dependent protein kinase type 1
Calcium/calmodulin-dependent protein kinase,Calcium/calmodulin-dependent protein kinase type II subunit gamma
cathelicidin antimicrobial peptide,Cathelicidin antimicrobial peptide
cullin-associated NEDD8-dissociated protein 1,Cullin-associated NEDD8-dissociated protein 1
Galectin-3-binding protein,Soluble calcium-activated nucleotidase 1
calnexin,Calnexin
Adenylyl cyclase-associated protein,Adenylyl cyclase-associated protein 1
Macrophage-capping protein,Macrophage-capping protein
Calcium-activated neutral proteinase 1,Calpain-1 catalytic subunit
Calcium-activated neutral proteinase 2,Calpain-2 catalytic subunit
calpain-5,Calpain-5
Calcium-activated neutral proteinase small subunit,Calpain small subunit 1
F-actin-capping protein subunit alpha,F-actin-capping protein subunit alpha-1
F-actin-capping protein subunit alpha,F-actin-capping protein subunit alpha-2
F-actin-capping protein subunit beta,F-actin-capping protein subunit beta
calcium-regulated heat-stable protein 1,Calcium-regulated heat-stable protein 1
caspase-3,Caspase-3
caspase-7,Caspase-7 subunit p11
cas scaffolding protein family member 4,Cas scaffolding protein family member 4
Calpain inhibitor,Calpastatin
Catalase,Catalase
caveolae-associated protein 2,Caveolae-associated protein 2
Carbonyl reductase (NADPH),Carbonyl reductase [NADPH] 1 
Cystathionine beta-synthase,Cystathionine beta-synthase
C-C motif chemokine,C-C motif chemokine 14 
C-C motif chemokine,C-C motif chemokine 16
protein CYR61,CCN family member 1
CCT-beta,T-complex protein 1 subunit beta
T-complex protein 1 subunit gamma,T-complex protein 1 subunit gamma
T-complex protein 1 subunit delta,T-complex protein 1 subunit delta
CCT-epsilon,T-complex protein 1 subunit epsilon
T-complex protein 1 subunit zeta,T-complex protein 1 subunit zeta
T-complex protein 1 subunit eta,T-complex protein 1 subunit eta
CCT-theta,T-complex protein 1 subunit theta
Monocyte differentiation antigen CD14,Monocyte differentiation antigen CD14
Tetraspanin,CD151 antigen
CD177 antigen,CD177 antigen
CD226 antigen,CD226 antigen
CD44 antigen,CD44 antigen
Membrane cofactor protein,Membrane cofactor protein
complement decay-accelerating factor,Complement decay-accelerating factor
CD5 antigen,CD5 antigen-like
CD5 antigen,CD5 antigen-like
SLAM family member 5,SLAM family member 5
T-lymphocyte activation antigen CD86,T-lymphocyte activation antigen CD86
Tetraspanin,CD9 antigen
complement component C1q receptor,Complement component C1q receptor
Hsp90 chaperone protein kinase-targeting subunit,Hsp90 co-chaperone Cdc37
Cell division control protein 42 homolog,Cell division control protein 42 homolog
Non-specific serine/threonine protein kinase,Serine/threonine-protein kinase MRCK beta
Cadherin-1,Cadherin-1
Cadherin-13,Cadherin-13
Cadherin-5,Cadherin-5
cyclin-dependent kinase 2,Cyclin-dependent kinase 2
Phosphatidate cytidylyltransferase,Phosphatidate cytidylyltransferase 2
Carboxylic ester hydrolase,Bile salt-activated lipase
Carboxylic ester hydrolase,Cocaine esterase
C3/C5 convertase,Complement factor B
Adipsin,Complement factor D 
complement factor H,Complement factor H 
complement factor H,Complement factor H 
complement factor H,Complement factor H 
complement factor H-related protein 2,Complement factor H-related protein 2 
complement factor H-related protein 5,Complement factor H-related protein 5
complement factor I,Complement factor I
complement factor I,Complement factor I light chain
"Cofilin, non-muscle",Cofilin-1
properdin,Properdin
chondroadherin,Chondroadherin
neural cell adhesion molecule L1-like protein,Neural cell adhesion molecule L1-like protein
cysteine and histidine-rich domain-containing protein 1,Cysteine and histidine-rich domain-containing protein 1
cartilage intermediate layer protein 1,Cartilage intermediate layer protein 1
cartilage intermediate layer protein 2,Cartilage intermediate layer protein 2
cytoskeleton-associated protein 4,Cytoskeleton-associated protein 4
Creatine kinase,Creatine kinase B-type
Creatine kinase,Creatine kinase M-type
C-type lectin domain family 1 member B,C-type lectin domain family 1 member B
tetranectin,Tetranectin
Chloride intracellular channel protein,Chloride intracellular channel protein 1
Chloride intracellular channel protein,Chloride intracellular channel protein 4
Chloride intracellular channel protein,Chloride intracellular channel protein 5
clathrin interactor 1,Clathrin interactor 1
calsyntenin-3,Calsyntenin-3
Clathrin heavy chain,Clathrin heavy chain 1
Clusterin,Clusterin
Calponin,Calponin-2
"2',3'-cyclic-nucleotide 3'-phosphodiesterase","2',3'-cyclic-nucleotide 3'-phosphodiesterase"
contactin-1,Contactin-1
collagen alpha-1(XII) chain,Collagen alpha-1(XII) chain
collagen alpha-1(XVIII) chain,Collagen alpha-1(XVIII) chain [Cleaved into: Endostatin; Non-collagenous domain 1
collagen alpha-1(I) chain,Collagen alpha-1(I) chain
collagen alpha-1(VI) chain,Collagen alpha-1(VI) chain
collagen alpha-2(VI) chain,Collagen alpha-2(VI) chain
collagen alpha-3(VI) chain,Collagen alpha-3(VI) chain
collagen alpha-3(VI) chain,Collagen alpha-3(VI) chain
collectin-10,Collectin-10
collectin-11,Collectin-11
cartilage oligomeric matrix protein,Cartilage oligomeric matrix protein
Coatomer subunit alpha,Coatomer subunit alpha
Coatomer subunit beta,Coatomer subunit beta
Coatomer subunit beta',Coatomer subunit beta'
Coatomer subunit gamma,Coatomer subunit gamma-1 
COP9 signalosome complex subunit 2,COP9 signalosome complex subunit 2
COP9 signalosome complex subunit 3,COP9 signalosome complex subunit 3
Coronin,Coronin-1A
Coronin,Coronin-1B
Coronin,Coronin-1C
coactosin-like protein,Coactosin-like protein
Cytochrome c oxidase subunit 4,"Cytochrome c oxidase subunit 4 isoform 1, mitochondrial "
Cytochrome c oxidase subunit,Cytochrome c oxidase subunit 6B1 
cytochrome c oxidase subunit 6C,Cytochrome c oxidase subunit 6C
ceruloplasmin,Ceruloplasmin
ceruloplasmin,Ceruloplasmin 
carboxypeptidase B2,Carboxypeptidase B2
carboxypeptidase N catalytic chain,Carboxypeptidase N catalytic chain
carboxypeptidase N subunit 2,Carboxypeptidase N subunit 2
copine-3,Copine-3
EF-hand calcium-binding domain-containing protein 4B,EF-hand calcium-binding domain-containing protein 4B
cysteine-rich protein 1,Cysteine-rich protein 1
cysteine-rich secretory protein 2,Cysteine-rich secretory protein 2 
adapter molecule crk,Adapter molecule crk
crk-like protein,Crk-like protein
Pentaxin,C-reactive protein [Cleaved into: C-reactive protein(1-205)]
cartilage acidic protein 1,Cartilage acidic protein 1
quinone oxidoreductase,Quinone oxidoreductase
Citrate synthase,"Citrate synthase, mitochondrial"
Chromosome segregation 1-like protein,Exportin-2
Tyrosine-protein kinase,Tyrosine-protein kinase CSK
Non-specific serine/threonine protein kinase,Casein kinase II subunit alpha
chondroitin sulfate proteoglycan 4,Chondroitin sulfate proteoglycan 4
cysteine and glycine-rich protein 1,Cysteine and glycine-rich protein 1
cysteine and glycine-rich protein 3,Cysteine and glycine-rich protein 3
cystatin-C,Cystatin-C 
cystatin-M,Cystatin-M
cystatin-B,Cystatin-B
CTP synthase,CTP synthase 1
CTP synthase,CTP synthase 2
Carboxypeptidase,Lysosomal protective protein
Cathepsin B,Cathepsin B
Cathepsin C,Dipeptidyl peptidase 1
Cathepsin D,Cathepsin D
cathepsin G,Cathepsin G 
cathepsin S,Cathepsin S
Cathepsin X,Cathepsin Z
src substrate cortactin,Src substrate cortactin
C-X-C motif chemokine,C-X-C motif chemokine 2 
C-X-C motif chemokine,C-X-C motif chemokine 6 OS=B
NADH-cytochrome b5 reductase,NADH-cytochrome b5 reductase 1
NADH-cytochrome b5 reductase,NADH-cytochrome b5 reductase 3 
Cytochrome b reductase 1,Plasma membrane ascorbate-dependent reductase CYBRD1 
"cytochrome c1, heme protein, mitochondrial","Cytochrome c1, heme protein, mitochondrial "
cytochrome c,Cytochrome c 
Cytoplasmic FMR1-interacting protein,Cytoplasmic FMR1-interacting protein 1
protein FAM49B,CYFIP-related Rac1 interactor B
cytohesin-1,Cytohesin-1
CXXC motif containing zinc binding protein,CXXC motif containing zinc binding protein
dual adapter for phosphotyrosine and 3-phosphotyrosine and 3-phosphoinositide,Dual adapter for phosphotyrosine and 3-phosphotyrosine and 3-phosphoinositide
"Aspartate--tRNA ligase, cytoplasmic","Aspartate--tRNA ligase, cytoplasmic"
Dopamine beta-hydroxylase,Dopamine beta-hydroxylase
drebrin-like protein,Drebrin-like protein
Dynactin subunit 1,Dynactin subunit 1
dynactin subunit 2,Dynactin subunit 2
DCN1-like protein,DCN1-like protein 1
DNA damage-binding protein 1,DNA damage-binding protein 1
protein DDI1 homolog 2,Protein DDI1 homolog 2 
Dolichyl-diphosphooligosaccharide--protein glycosyltransferase 48 kDa subunit,Dolichyl-diphosphooligosaccharide--protein glycosyltransferase 48 kDa subunit
DDRGK domain-containing protein 1,DDRGK domain-containing protein 1
D-dopachrome decarboxylase,D-dopachrome decarboxylase
RNA helicase,ATP-dependent RNA helicase DDX3X
2-deoxy-D-ribose 5-phosphate aldolase,Deoxyribose-phosphate aldolase
RNA helicase,ATP-dependent RNA helicase A
protein diaphanous homolog 1,Protein diaphanous homolog 1
Acetyltransferase component of pyruvate dehydrogenase complex,"Dihydrolipoyllysine-residue acetyltransferase component of pyruvate dehydrogenase complex, mitochondrial"
Dihydrolipoyl dehydrogenase,"Dihydrolipoyl dehydrogenase, mitochondrial"
"Dihydrolipoyllysine-residue succinyltransferase component of 2-oxoglutarate dehydrogenase complex, mitochondrial","Dihydrolipoyllysine-residue succinyltransferase component of 2-oxoglutarate dehydrogenase complex, mitochondrial"
dermokine,Dermokine 
dematin,Dematin
dnaJ homolog subfamily B member 2,DnaJ homolog subfamily B member 2
Deoxyribonuclease,Deoxyribonuclease-1
Deoxyribonuclease,Deoxyribonuclease-1-like 1
Dynamin-1-like protein,Dynamin-1-like protein
Dynamin GTPase,Dynamin-2
Aspartyl aminopeptidase,Aspartyl aminopeptidase
docking protein 2,Docking protein 2
docking protein 3,Docking protein 3
Dipeptidyl peptidase 3,Dipeptidyl peptidase 3
Dipeptidyl peptidase 4,Dipeptidyl peptidase 4
dihydropyrimidinase,Dihydropyrimidinase
Dihydropyrimidinase-related protein 2,Dihydropyrimidinase-related protein 2
desmocollin-1,Desmocollin-1
desmocollin-2,Desmocollin-2
desmoglein-1,Desmoglein-1
desmoplakin,Desmoplakin
Actin-depolymerizing factor,Destrin
cytoplasmic dynein 1 heavy chain 1,Cytoplasmic dynein 1 heavy chain 1
cytoplasmic dynein 1 intermediate chain 2,Cytoplasmic dynein 1 intermediate chain 2
Cytoplasmic dynein 2 heavy chain 1,Cytoplasmic dynein 2 heavy chain 1
Dynein light chain,"Dynein light chain 2, cytoplasmic "
"enoyl-CoA delta isomerase 1, mitochondrial","Enoyl-CoA delta isomerase 1, mitochondrial"
extracellular matrix protein 1,Extracellular matrix protein 1
extracellular matrix protein 1,Extracellular matrix protein 1
Elongation factor 1-alpha,Elongation factor 1-alpha 1
Elongation factor 1-alpha,Elongation factor 1-alpha 2
Elongation factor 1-beta,Elongation factor 1-beta
Elongation factor 1-gamma,Elongation factor 1-gamma
elongation factor 2,Elongation factor 2
EGF-containing fibulin-like extracellular matrix protein 1,EGF-containing fibulin-like extracellular matrix protein 1
EGF-containing fibulin-like extracellular matrix protein 2,EGF-containing fibulin-like extracellular matrix protein 2
EF-hand domain-containing protein D2,EF-hand domain-containing protein D2
epidermal growth factor-like protein 8,Epidermal growth factor-like protein 8
EH domain-containing protein 1,EH domain-containing protein 1
EH domain-containing protein 2,EH domain-containing protein 2
EH domain-containing protein 3,EH domain-containing protein 3
EH domain-containing protein 4,EH domain-containing protein 4
Eukaryotic translation initiation factor 4C,"Eukaryotic translation initiation factor 1A, X-chromosomal"
Eukaryotic translation initiation factor 2 subunit 1,Eukaryotic translation initiation factor 2 subunit 1
Eukaryotic translation initiation factor 3 subunit B,Eukaryotic translation initiation factor 3 subunit B
Eukaryotic translation initiation factor 3 subunit D,Eukaryotic translation initiation factor 3 subunit D
Eukaryotic translation initiation factor 3 subunit L,Eukaryotic translation initiation factor 3 subunit L
RNA helicase,Eukaryotic initiation factor 4A-I
RNA helicase,Eukaryotic initiation factor 4A-II
eukaryotic translation initiation factor 4B,Eukaryotic translation initiation factor 4B
eukaryotic translation initiation factor 4 gamma 1,Eukaryotic translation initiation factor 4 gamma 1
eukaryotic translation initiation factor 4 gamma 2,Eukaryotic translation initiation factor 4 gamma 2
Eukaryotic translation initiation factor 5A,Eukaryotic translation initiation factor 5A-1
Eukaryotic translation initiation factor 6,Eukaryotic translation initiation factor 6
neutrophil elastase,Neutrophil elastase 
EMILIN-1,EMILIN-1
echinoderm microtubule-associated protein-like 2,Echinoderm microtubule-associated protein-like 2
endonuclease domain-containing 1 protein,Endonuclease domain-containing 1 protein
2-phospho-D-glycerate hydro-lyase,Alpha-enolase
2-phospho-D-glycerate hydro-lyase,Gamma-enolase
2-phospho-D-glycerate hydro-lyase,Beta-enolase
Aminopeptidase,Glutamyl aminopeptidase
ectonucleotide pyrophosphatase/phosphodiesterase family member 1,Ectonucleotide pyrophosphatase/phosphodiesterase family member 1
ectonucleotide pyrophosphatase/phosphodiesterase family member 2,Ectonucleotide pyrophosphatase/phosphodiesterase family member 2
AP3A hydrolase,Bis(5'-adenosyl)-triphosphatase ENPP4
alpha-endosulfine,Alpha-endosulfine
Band 4.1,Protein 4.1
erythrocyte membrane protein band 4.2,Protein 4.2
epidermal growth factor receptor substrate 15,Epidermal growth factor receptor substrate 15
Aminopeptidase,Endoplasmic reticulum aminopeptidase 1
ERO1-like protein alpha,ERO1-like protein alpha
Endoplasmic reticulum resident protein 29,Endoplasmic reticulum resident protein 29
endothelial cell-selective adhesion molecule,Endothelial cell-selective adhesion molecule
S-formylglutathione hydrolase,S-formylglutathione hydrolase
extended synaptotagmin-1,Extended synaptotagmin-1
extended synaptotagmin-2,Extended synaptotagmin-2
Eukaryotic peptide chain release factor subunit 1,Eukaryotic peptide chain release factor subunit 1
Electron transfer flavoprotein subunit alpha,"Electron transfer flavoprotein subunit alpha, mitochondrial"
Electron transfer flavoprotein subunit beta,Electron transfer flavoprotein subunit beta
"persulfide dioxygenase ETHE1, mitochondrial","Persulfide dioxygenase ETHE1, mitochondrial"
exocyst complex component 3,Exocyst complex component 3
exocyst complex component 3-like protein 4,Exocyst complex component 3-like protein 4
Exocyst complex component Sec8,Exocyst complex component 4
exostosin-2,Exostosin-2 
exostosin-like 2,Exostosin-like 2
ezrin,Ezrin
coagulation factor X,Coagulation factor X
coagulation factor XI,Coagulation factor XI 
coagulation factor XI,Coagulation factor XI 
Junctional adhesion molecule 1,Junctional adhesion molecule A
coagulation factor XII,Coagulation factor XII
coagulation factor XIII A chain,Coagulation factor XIII A chain
coagulation factor XIII B chain,Coagulation factor XIII B chain
Prothrombin,Prothrombin
proteinase-activated receptor 4,Proteinase-activated receptor 4
coagulation factor V,Coagulation factor V
Coagulation factor VII,Coagulation factor VII
coagulation factor VIII,Coagulation factor VIII
Christmas factor,Coagulation factor IX
"fatty acid-binding protein, heart","Fatty acid-binding protein, heart"
Adipocyte-type fatty acid-binding protein,"Fatty acid-binding protein, adipocyte "
fatty acid-binding protein 5,Fatty acid-binding protein 5
Fumarylacetoacetase,Fumarylacetoacetase
protein FAM114A2,Protein FAM114A2
protein FAM186B,Protein FAM186B
extracellular serine/threonine protein kinase FAM20C,Extracellular serine/threonine protein kinase FAM20C
Phenylalanyl-tRNA synthetase beta subunit,Phenylalanine--tRNA ligase beta subunit
Fatty acid synthase,Fatty acid synthase
Fibulin-1,Fibulin-1
Fibulin-1,Fibulin-1
fibulin-2,Fibulin-2
Fibulin-5,Fibulin-5
fibrillin-1,Fibrillin-1 [Cleaved into: Asprosin]
Fructose-bisphosphatase,"Fructose-1,6-bisphosphatase isozyme 2"
IgGFc-binding protein,IgGFc-binding protein
low affinity immunoglobulin gamma Fc region receptor III,Low affinity immunoglobulin gamma Fc region receptor III-A 
Tyrosine-protein kinase,Tyrosine-protein kinase Fer 
fermitin family homolog 3,Fermitin family homolog 3
fetuin-B,Fetuin-B
Fibrinogen alpha chain,Fibrinogen alpha chain [Cleaved into: Fibrinopeptide A; Fibrinogen alpha chain]
Fibrinogen beta chain,Fibrinogen beta chain [Cleaved into: Fibrinopeptide B; Fibrinogen beta chain]
fibrinogen gamma chain,Fibrinogen gamma chain
fibrinogen-like protein 1,Fibrinogen-like protein 1
four and a half LIM domains protein 1,Four and a half LIM domains protein 1
FH1/FH2 domain-containing protein 1,FH1/FH2 domain-containing protein 1
Peptidylprolyl isomerase,Peptidyl-prolyl cis-trans isomerase FKBP11
Peptidylprolyl isomerase,Peptidyl-prolyl cis-trans isomerase FKBP1A
Peptidylprolyl isomerase,Peptidyl-prolyl cis-trans isomerase FKBP3
Peptidylprolyl isomerase,Peptidyl-prolyl cis-trans isomerase FKBP4
protein flightless-1 homolog,Protein flightless-1 homolog
filamin-A,Filamin-A
filamin-B,Filamin-B
filamin-C,Filamin-C
Flotillin,Flotillin-1
Flotillin,Flotillin-2
Vascular endothelial growth factor receptor 3,Vascular endothelial growth factor receptor 3
Fibronectin,Fibronectin
Fibronectin,Fibronectin
protein furry homolog,Protein furry homolog
Fascin,Fascin
FYN-binding protein 1,FYN-binding protein 1
ras GTPase-activating protein-binding protein 1,Ras GTPase-activating protein-binding protein 1
Glucose-6-phosphate 1-dehydrogenase,Glucose-6-phosphate 1-dehydrogenase
Chondroitinsulfatase,N-acetylgalactosamine-6-sulfatase
Polypeptide N-acetylgalactosaminyltransferase,Polypeptide N-acetylgalactosaminyltransferase 2
neutral alpha-glucosidase AB,Neutral alpha-glucosidase AB
Glyceraldehyde-3-phosphate dehydrogenase,Glyceraldehyde-3-phosphate dehydrogenase
Diadenosine tetraphosphate synthetase,Glycine--tRNA ligase
protein FAM198A,Golgi-associated kinase 1A
"glutamine amidotransferase-like class 1 domain-containing protein 3A, mitochondrial","Glutamine amidotransferase-like class 1 domain-containing protein 3B, mitochondrial "
Glucosylceramidase,Lysosomal acid glucosylceramidase
"1,4-alpha-glucan branching enzyme","1,4-alpha-glucan-branching enzyme"
Gc-globulin,Vitamin D-binding protein
Glutamate--cysteine ligase,Glutamate--cysteine ligase catalytic subunit
GCS light chain,Glutamate--cysteine ligase regulatory subunit
growth/differentiation factor 2,Growth/differentiation factor 2
Rab GDP dissociation inhibitor,Rab GDP dissociation inhibitor alpha
Rab GDP dissociation inhibitor,Rab GDP dissociation inhibitor beta
Folate gamma-glutamyl hydrolase,Gamma-glutamyl hydrolase
Golgi-associated plant pathogenesis-related protein 1,Golgi-associated plant pathogenesis-related protein 1
Lactoylglutathione lyase,Lactoylglutathione lyase
Glyoxalase domain-containing protein 4,Glyoxalase domain-containing protein 4
glutaredoxin-3,Glutaredoxin-3
Glutamate dehydrogenase (NAD(P)(+)),"Glutamate dehydrogenase 1, mitochondrial"
Glutamine synthetase,Glutamine synthetase
GDP-D-mannose dehydratase,"GDP-mannose 4,6 dehydratase"
Glia maturation factor,Glia maturation factor gamma
GMP reductase,GMP reductase 1
guanine nucleotide-binding protein subunit alpha-13,Guanine nucleotide-binding protein subunit alpha-13
guanine nucleotide-binding protein subunit alpha-15,Guanine nucleotide-binding protein subunit alpha-15
guanine nucleotide-binding protein G(I) subunit alpha-2,Guanine nucleotide-binding protein G(i) subunit alpha-2
guanine nucleotide-binding protein G(Q) subunit alpha,Guanine nucleotide-binding protein G(q) subunit alpha 
guanine nucleotide-binding protein G(S) subunit alpha,Guanine nucleotide-binding protein G(s) subunit alpha isoforms XLas
guanine nucleotide-binding protein G(Z) subunit alpha,Guanine nucleotide-binding protein G(z) subunit alpha
guanine nucleotide-binding protein G(I)/G(S)/G(T) subunit beta-1,Guanine nucleotide-binding protein G(I)/G(S)/G(T) subunit beta-1
guanine nucleotide-binding protein G(I)/G(S)/G(T) subunit beta-2,Guanine nucleotide-binding protein G(I)/G(S)/G(T) subunit beta-2
Guanine nucleotide-binding protein subunit gamma,Guanine nucleotide-binding protein G(I)/G(S)/G(O) subunit gamma-11
Glucosamine-6-phosphate isomerase,Glucosamine-6-phosphate isomerase 2
Aspartate aminotransferase,"Aspartate aminotransferase, cytoplasmic"
Aspartate aminotransferase,"Aspartate aminotransferase, mitochondrial"
platelet glycoprotein Ib alpha chain,Platelet glycoprotein Ib alpha chain
platelet glycoprotein Ib beta chain,Platelet glycoprotein Ib beta chain 
platelet glycoprotein V,Platelet glycoprotein V
platelet glycoprotein VI,Platelet glycoprotein VI
platelet glycoprotein IX,Platelet glycoprotein IX
Glycerol-3-phosphate dehydrogenase [NAD(+)],"Glycerol-3-phosphate dehydrogenase [NAD(+)], cytoplasmic"
Glycerol-3-phosphate dehydrogenase,"Glycerol-3-phosphate dehydrogenase, mitochondrial"
Glucose-6-phosphate isomerase,Glucose-6-phosphate isomerase
Glycosyl-phosphatidylinositol-specific phospholipase D,Phosphatidylinositol-glycan-specific phospholipase D
phosphatidylinositol-glycan-specific phospholipase D,Phosphatidylinositol-glycan-specific phospholipase D
Alanine transaminase,Alanine aminotransferase 1
Glutathione peroxidase,Glutathione peroxidase 1
Glutathione peroxidase,Glutathione peroxidase 3
Glutathione peroxidase,Phospholipid hydroperoxide glutathione peroxidase
growth factor receptor-bound protein 2,Growth factor receptor-bound protein 2
granulins,Progranulin
Actin-depolymerizing factor,Gelsolin
Actin-depolymerizing factor,Gelsolin
Glutathione reductase,"Glutathione reductase, mitochondrial"
Glutathione synthetase,Glutathione synthetase
Glutathione transferase,Glutathione S-transferase A3 
Glutathione transferase,Glutathione S-transferase A4
Glutathione S-transferase,Glutathione S-transferase Mu 3 
Glutathione S-transferase omega,Glutathione S-transferase omega-1
GST class-pi,Glutathione S-transferase P 
GTP-binding protein 2,GTP-binding protein 2
Guanylate cyclase,Guanylate cyclase soluble subunit alpha-1
glycogenin-1,Glycogenin-1
histone H1x,Histone H1.10 
histone H1.2,Histone H1.3 
Histone H2A,Histone H2A type 1-B/E
Histone H2B,Histone H2B type 2-F
Histone H3,Histone H3.2 
Histone H4,Histone H4 
GDH/6PGL endoplasmic bifunctional protein,GDH/6PGL endoplasmic bifunctional protein [Includes: Hexose-6-phosphate dehydrogenase
hyaluronan-binding protein 2,Hyaluronan-binding protein 2
Very-long-chain (3R)-3-hydroxyacyl-CoA dehydratase,Very-long-chain
Enoyl-CoA hydratase,"Trifunctional enzyme subunit alpha, mitochondrial"
"trifunctional enzyme subunit beta, mitochondrial","Trifunctional enzyme subunit beta, mitochondrial"
Alpha-globin,Hemoglobin subunit alpha 
hemoglobin subunit beta,Hemoglobin subunit beta 
hemoglobin subunit beta-1,Hemoglobin subunit beta 
Alpha-globin,Hemoglobin subunit zeta
haloacid dehalogenase-like hydrolase domain-containing protein 2,Haloacid dehalogenase-like hydrolase domain-containing protein 2
heme-binding protein 1,Heme-binding protein 1
protein HEG homolog 1,Protein HEG homolog 1
probable E3 ubiquitin-protein ligase HERC4,Probable E3 ubiquitin-protein ligase HERC4
hepatocyte growth factor activator,Hepatocyte growth factor activator
Hepatocyte growth factor-regulated tyrosine kinase substrate,Hepatocyte growth factor-regulated tyrosine kinase substrate
"3-hydroxyisobutyryl-CoA hydrolase, mitochondrial","3-hydroxyisobutyryl-CoA hydrolase, mitochondrial"
"histidine triad nucleotide-binding protein 2, mitochondrial","Histidine triad nucleotide-binding protein 2, mitochondrial"
Hexokinase,Hexokinase-1
Hexokinase,Hexokinase-3
Hydroxymethylbilane synthase,Porphobilinogen deaminase
hemicentin-2,Hemicentin-2
high mobility group protein B2,High mobility group protein B2
Heme oxygenase,Heme oxygenase 1
Helix-destabilizing protein,Heterogeneous nuclear ribonucleoprotein A1
Heterogeneous nuclear ribonucleoproteins A2/B1,Heterogeneous nuclear ribonucleoproteins A2/B1
heterogeneous nuclear ribonucleoprotein A3,Heterogeneous nuclear ribonucleoprotein A3
heterogeneous nuclear ribonucleoprotein A/B,Heterogeneous nuclear ribonucleoprotein A/B
heterogeneous nuclear ribonucleoproteins C1/C2,Heterogeneous nuclear ribonucleoproteins C1/C2
heterogeneous nuclear ribonucleoprotein D0,Heterogeneous nuclear ribonucleoprotein D0
heterogeneous nuclear ribonucleoprotein F,Heterogeneous nuclear ribonucleoprotein F
Heterogeneous nuclear ribonucleoprotein K,Heterogeneous nuclear ribonucleoprotein K
heterogeneous nuclear ribonucleoprotein M,Heterogeneous nuclear ribonucleoprotein M
heterogeneous nuclear ribonucleoprotein U,Heterogeneous nuclear ribonucleoprotein U
Haptoglobin,Haptoglobin 
4-hydroxyphenylpyruvate dioxygenase,4-hydroxyphenylpyruvate dioxygenase
Hypoxanthine phosphoribosyltransferase,Hypoxanthine-guanine phosphoribosyltransferase
heparanase,Heparanase
Hemopexin,Hemopexin
histidine-rich glycoprotein,Histidine-rich glycoprotein
3-hydroxyacyl-CoA dehydrogenase type-2,3-hydroxyacyl-CoA dehydrogenase type-2 (EC 1.1.1.35)
peroxisomal multifunctional enzyme type 2,Peroxisomal multifunctional enzyme type 2
hydroxysteroid dehydrogenase-like protein 2,Hydroxysteroid dehydrogenase-like protein 2
heat shock protein HSP 90-alpha,Heat shock protein HSP 90-alpha
heat shock protein HSP 90-beta,Heat shock protein HSP 90-beta
endoplasmin,Endoplasmin
heat shock 70 kDa protein 1,Heat shock 70 kDa protein 1A 
heat shock 70 kDa protein 1,Heat shock 70 kDa protein 1-like
Heat shock 70 kDa protein 4,Heat shock 70 kDa protein 4
78 kDa glucose-regulated protein,Endoplasmic reticulum chaperone BiP
heat shock cognate 71 kDa protein,Heat shock cognate 71 kDa protein
75 kDa glucose-regulated protein,"Stress-70 protein, mitochondrial"
Heat shock 27 kDa protein,Heat shock protein beta-1
60 kDa chaperonin,"60 kDa heat shock protein, mitochondrial"
10 kDa chaperonin,"10 kDa heat shock protein, mitochondrial"
basement membrane-specific heparan sulfate proteoglycan core protein,Basement membrane-specific heparan sulfate proteoglycan core protein
serine protease HTRA1,Serine protease HTRA1
HECT-type E3 ubiquitin transferase,E3 ubiquitin-protein ligase HUWE1
Putative hydroxypyruvate isomerase,Putative hydroxypyruvate isomerase
hypoxia up-regulated protein 1,Hypoxia up-regulated protein 1
inhibitor of carbonic anhydrase,Inhibitor of carbonic anhydrase 
intercellular adhesion molecule 1,Intercellular adhesion molecule 1
insulin-degrading enzyme,Insulin-degrading enzyme
Isocitrate dehydrogenase [NADP],Isocitrate dehydrogenase [NADP] cytoplasmic
Isocitrate dehydrogenase [NADP],"Isocitrate dehydrogenase [NADP], mitochondrial"
"Isocitrate dehydrogenase [NAD] subunit, mitochondrial","Isocitrate dehydrogenase [NAD] subunit alpha, mitochondrial"
"indoleamine 2,3-dioxygenase 1","Indoleamine 2,3-dioxygenase 1"
Insulin-like growth factor I,Insulin-like growth factor I
Insulin-like growth factor II,Insulin-like growth factor II
cation-independent mannose-6-phosphate receptor,Cation-independent mannose-6-phosphate receptor
insulin-like growth factor-binding protein complex acid labile subunit,Insulin-like growth factor-binding protein complex acid labile subunit
Insulin-like growth factor-binding protein 2,Insulin-like growth factor-binding protein 2
insulin-like growth factor-binding protein 3,Insulin-like growth factor-binding protein 3
Insulin-like growth factor-binding protein 4,Insulin-like growth factor-binding protein 4
Insulin-like growth factor-binding protein 5,Insulin-like growth factor-binding protein 5
insulin-like growth factor-binding protein 6,Insulin-like growth factor-binding protein 6
insulin-like growth factor-binding protein 7,Insulin-like growth factor-binding protein 7
immunoglobulin kappa light chain,Immunoglobulin kappa light chain 
Pro-interleukin-16,Pro-interleukin-16 [Cleaved into: Interleukin-16
interleukin-1 receptor type 1,Interleukin-1 receptor type 1
interleukin-1 receptor type 2,Interleukin-1 receptor type 2
interleukin-1 receptor accessory protein,Interleukin-1 receptor accessory protein
interleukin-6 receptor subunit beta,Interleukin-6 receptor subunit beta
interleukin enhancer-binding factor 2,Interleukin enhancer-binding factor 2
59 kDa serine/threonine-protein kinase,Integrin-linked protein kinase
Inositol-1-monophosphatase,Inositol monophosphatase 1
inverted formin-2,Inverted formin-2
inositol polyphosphate 1-phosphatase,Inositol polyphosphate 1-phosphatase
"Phosphatidylinositol-3,4,5-trisphosphate 5-phosphatase","Phosphatidylinositol 3,4,5-trisphosphate 5-phosphatase 1"
importin-7,Importin-7
ras GTPase-activating-like protein IQGAP1,Ras GTPase-activating-like protein IQGAP1
ras GTPase-activating-like protein IQGAP2,Ras GTPase-activating-like protein IQGAP2
protein MRVI1,"Inositol 1,4,5-triphosphate receptor associated 1"
interferon-stimulated gene 20 kDa protein,Interferon-stimulated gene 20 kDa protein
immunoglobulin superfamily containing leucine-rich repeat protein,Immunoglobulin superfamily containing leucine-rich repeat protein
isochorismatase domain-containing protein 1,Isochorismatase domain-containing protein 1
integrin alpha-2,Integrin alpha-2
integrin alpha-IIb,Integrin alpha-IIb
integrin alpha-6,Integrin alpha-6
integrin alpha-M,Integrin alpha-M
Integrin beta,Integrin beta-1
Integrin beta,Integrin beta-2
Integrin beta,Integrin beta-3
inter-alpha-trypsin inhibitor heavy chain H1,Inter-alpha-trypsin inhibitor heavy chain H1
inter-alpha-trypsin inhibitor heavy chain H2,Inter-alpha-trypsin inhibitor heavy chain H2
inter-alpha-trypsin inhibitor heavy chain H3,Inter-alpha-trypsin inhibitor heavy chain H3
inter-alpha-trypsin inhibitor heavy chain H4,Inter-alpha-trypsin inhibitor heavy chain H4
inter-alpha-trypsin inhibitor heavy chain H4,Inter-alpha-trypsin inhibitor heavy chain H4
inter-alpha-trypsin inhibitor heavy chain H4,Inter-alpha-trypsin inhibitor heavy chain H4
Butyryl-CoA dehydrogenase,"Isovaleryl-CoA dehydrogenase, mitochondrial"
immunoglobulin J chain,Immunoglobulin J chain
Junction plakoglobin,Junction plakoglobin
kalirin,Kalirin
Lysine--tRNA ligase,Lysine--tRNA ligase
Katanin p60 ATPase-containing subunit A-like 2,Katanin p60 ATPase-containing subunit A-like 2
BTB/POZ domain-containing protein KCTD12,BTB/POZ domain-containing protein KCTD12
protein KIAA0100 homolog,Protein KIAA0100
uncharacterized protein KIAA1958 homolog,Uncharacterized protein KIAA1958
Kinesin-like protein,Kinesin-like protein KIF2A
plasma kallikrein,Plasma kallikrein
kininogen-1,Kininogen-1 
kininogen-2,Kininogen-2 OS=B
importin subunit beta-1,Importin subunit beta-1
keratinocyte proline-rich protein,Keratinocyte proline-rich protein
GTPase KRas,"GTPase KRas, N-terminally processed"
Cytokeratin-1,"Keratin, type II cytoskeletal 1"
"keratin, type I cytoskeletal 13","Keratin, type I cytoskeletal 13 "
"keratin, type I cytoskeletal 14","Keratin, type I cytoskeletal 14 "
"keratin, type I cytoskeletal 16","Keratin, type I cytoskeletal 16 "
"keratin, type I cytoskeletal 17","Keratin, type I cytoskeletal 17 "
"keratin, type II cytoskeletal 2 epidermal","Keratin, type II cytoskeletal 2 epidermal"
"keratin, type I cytoskeletal 24","Keratin, type I cytoskeletal 24"
"keratin, type I cytoskeletal 28","Keratin, type I cytoskeletal 28"
"keratin, type II cytoskeletal 3","Keratin, type II cytoskeletal 3"
"keratin, type II cytoskeletal 4","Keratin, type II cytoskeletal 4"
"keratin, type II cytoskeletal 5","Keratin, type II cytoskeletal 5"
"keratin, type II cytoskeletal 6A","Keratin, type II cytoskeletal 6A "
"keratin, type II cytoskeletal 71","Keratin, type II cytoskeletal 71"
"keratin, type II cytoskeletal 75","Keratin, type II cytoskeletal 75 "
"keratin, type II cytoskeletal 1b","Keratin, type II cytoskeletal 1b"
"keratin, type II cytoskeletal 79","Keratin, type II cytoskeletal 79"
"keratin, type II cytoskeletal 80","Keratin, type II cytoskeletal 80"
kynurenine--oxoglutarate transaminase 1,Kynurenine--oxoglutarate transaminase 1
laminin subunit beta-1,Laminin subunit beta-1
lysosome-associated membrane glycoprotein 1,Lysosome-associated membrane glycoprotein 1
lysosome-associated membrane glycoprotein 2,Lysosome-associated membrane glycoprotein 2
Cysteinylglycine-S-conjugate dipeptidase,Cytosol aminopeptidase
LIM and SH3 domain protein 1,LIM and SH3 domain protein 1
Lipopolysaccharide-binding protein,Lipopolysaccharide-binding protein
phosphatidylcholine-sterol acyltransferase,Phosphatidylcholine-sterol acyltransferase
neutrophil gelatinase-associated lipocalin,Neutrophil gelatinase-associated lipocalin 
neutrophil gelatinase-associated lipocalin,Neutrophil gelatinase-associated lipocalin 
plastin-2,Plastin-2
lymphocyte cytosolic protein 2,Lymphocyte cytosolic protein 2
LIM domain-binding protein 3,LIM domain-binding protein 3
L-lactate dehydrogenase,L-lactate dehydrogenase A chain 
L-lactate dehydrogenase,L-lactate dehydrogenase B chain
Liver-expressed antimicrobial peptide 2,Liver-expressed antimicrobial peptide 2
leukocyte cell-derived chemotaxin-2,Leukocyte cell-derived chemotaxin-2
Galectin,Galectin-3
Galectin,Galectin-related protein
LIM and senescent cell antigen-like-containing domain protein,LIM and senescent cell antigen-like-containing domain protein 1
Hepatic triacylglycerol lipase,Hepatic triacylglycerol lipase
protein ERGIC-53,Protein ERGIC-53
vesicular integral-membrane protein VIP36,Vesicular integral-membrane protein VIP36
lamin,Prelamin-A/C [Cleaved into: Lamin-A/C
lamin-B1,Lamin-B1
leucine-rich alpha-2-glycoprotein,Leucine-rich alpha-2-glycoprotein
prolow-density lipoprotein receptor-related protein 1,Prolow-density lipoprotein receptor-related protein 1
leucine-rich repeat flightless-interacting protein 1,Leucine-rich repeat flightless-interacting protein 1 
lymphocyte-specific protein 1,Lymphocyte-specific protein 1
Leukotriene A(4) hydrolase,Leukotriene A-4 hydrolase
latent-transforming growth factor beta-binding protein 1,Latent-transforming growth factor beta-binding protein 1
latent-transforming growth factor beta-binding protein 1,Latent-transforming growth factor beta-binding protein 1
latent-transforming growth factor beta-binding protein 4,Latent-transforming growth factor beta-binding protein 4
lactotransferrin,Lactotransferrin
Lumican,Lumican
latexin,Latexin
lymphocyte antigen 6D,Lymphocyte antigen 6D
lymphocyte antigen 6 complex locus protein G6f,Lymphocyte antigen 6 complex locus protein G6f
Tyrosine-protein kinase,Tyrosine-protein kinase Lyn
Lysozyme,Lysozyme C
Core histone macro-H2A,Core histone macro-H2A.1
"alpha-1,2-Mannosidase","Mannosyl-oligosaccharide 1,2-alpha-mannosidase IA"
Alpha-mannosidase,Alpha-mannosidase 2
Alpha-mannosidase,Lysosomal alpha-mannosidase
microtubule-associated proteins 1A/1B light chain 3B,Microtubule-associated proteins 1A/1B light chain 3B
dual specificity mitogen-activated protein kinase kinase 1,Dual specificity mitogen-activated protein kinase kinase 1
dual specificity mitogen-activated protein kinase kinase 3,Dual specificity mitogen-activated protein kinase kinase 3
Mitogen-activated protein kinase,Mitogen-activated protein kinase 1
Mitogen-activated protein kinase 14,Mitogen-activated protein kinase 14
Non-specific serine/threonine protein kinase,MAP kinase-activated protein kinase 3
APC-binding protein EB1,Microtubule-associated protein RP/EB family member 1
Microtubule-associated protein RP/EB family member 2,Microtubule-associated protein RP/EB family member 2
myristoylated alanine-rich C-kinase substrate,Myristoylated alanine-rich C-kinase substrate
mannan-binding lectin serine protease 1,Mannan-binding lectin serine protease 1
mannan-binding lectin serine protease 1,Mannan-binding lectin serine protease 1 light chain
mannan-binding lectin serine protease 2,Mannan-binding lectin serine protease 2
Myoglobin,Myoglobin
mannose-binding protein C,Mannose-binding protein C
muscleblind-like protein 1,Muscleblind-like protein 1
Calcium uniporter protein,"Calcium uniporter protein, mitochondrial"
Malate dehydrogenase,"Malate dehydrogenase, cytoplasmic"
Malate dehydrogenase,"Malate dehydrogenase, mitochondrial"
Malic enzyme,NADP-dependent malic enzyme
microfibril-associated glycoprotein 4,Microfibril-associated glycoprotein 4
microfibrillar-associated protein 5,Microfibrillar-associated protein 5
Matrix Gla protein,Matrix Gla protein
microsomal glutathione S-transferase 3,Microsomal glutathione S-transferase 3
"calcium uptake protein 1, mitochondrial","Calcium uptake protein 1, mitochondrial"
macrophage migration inhibitory factor,Macrophage migration inhibitory factor
matrix metalloproteinase-19,Matrix metalloproteinase-19
72 kDa gelatinase,72 kDa type IV collagenase
neutrophil collagenase,Neutrophil collagenase
92 kDa gelatinase,Matrix metalloproteinase-9
multimerin-1,Multimerin-1
MOB kinase activator 1B,MOB kinase activator 1B
megakaryocyte and platelet inhibitory receptor G6b,Megakaryocyte and platelet inhibitory receptor G6b
myeloperoxidase,Myeloperoxidase
macrophage mannose receptor 1,Macrophage mannose receptor 1
moesin,Moesin
Peptide-methionine (S)-S-oxide reductase,Mitochondrial peptide methionine sulfoxide reductase
hepatocyte growth factor-like protein,Hepatocyte growth factor-like protein
Metallothionein,Metallothionein-1E 
S-methyl-5'-thioadenosine phosphorylase,S-methyl-5'-thioadenosine phosphorylase
Cytochrome c oxidase subunit 2 (Fragment),Cytochrome c oxidase subunit 2 
protein LYRIC,Protein LYRIC
"C-1-tetrahydrofolate synthase, cytoplasmic","C-1-tetrahydrofolate synthase, cytoplasmic"
myotubularin-related protein 14,Myotubularin-related protein 14
metastasis suppressor protein 1,Protein MTSS 1
myeloid-associated differentiation marker,Myeloid-associated differentiation marker
"myosin-binding protein C, slow-type","Myosin-binding protein C, slow-type"
"myosin-binding protein C, fast-type","Myosin-binding protein C, fast-type"
myc target protein 1,Myc target protein 1
myosin-1,Myosin-1 
myosin-10,Myosin-10
myosin-13,Myosin-13 
myosin-2,Myosin-2 
myosin-4,Myosin-4 
myosin-9,Myosin-9
"myosin light chain 1/3, skeletal muscle","Myosin light chain 1/3, skeletal muscle isoform"
myosin regulatory light polypeptide 9,Myosin regulatory light chain 12B
myosin light polypeptide 6,Myosin light polypeptide 6
myosin regulatory light polypeptide 9,Myosin regulatory light polypeptide 9
"myosin light chain kinase, smooth muscle","Myosin light chain kinase, smooth muscle"
"myosin regulatory light chain 2, skeletal muscle","Myosin regulatory light chain 2, skeletal muscle isoform"
unconventional myosin-Ic,Unconventional myosin-Ic
Myocilin,Myocilin
myoferlin,Myoferlin
myomesin-1,Myomesin-1
myomesin-2,Myomesin-2
myomesin-3,Myomesin-3
nucleosome assembly protein 1-like 1,Nucleosome assembly protein 1-like 1
nucleosome assembly protein 1-like 4,Nucleosome assembly protein 1-like 4
alpha-soluble NSF attachment protein,Alpha-soluble NSF attachment protein
Nicotinate phosphoribosyltransferase,Nicotinate phosphoribosyltransferase
napsin-A,Napsin-A
ATP-dependent (S)-NAD(P)H-hydrate dehydratase,ATP-dependent
neurobeachin,Neurobeachin
neurobeachin-like protein 2,Neurobeachin-like protein 2
neural cell adhesion molecule 1,Neural cell adhesion molecule 1
neutrophil cytosol factor 1,Neutrophil cytosol factor 1
Cytoplasmic protein,Cytoplasmic protein NCK2
nck-associated protein 1,Nck-associated protein 1
protein kinase C-binding protein NELL2,Protein kinase C-binding protein NELL2
nexilin,Nexilin
niban-like protein 1,Protein Niban 2
nidogen-1,Nidogen-1
NIF3-like protein 1,NIF3-like protein 1
protein NipSnap homolog 3A,Protein NipSnap homolog 3A
deaminated glutathione amidase,Deaminated glutathione amidase
NLR family member X1,NLR family member X1
Nucleoside diphosphate kinase,Nucleoside diphosphate kinase A 
Nucleoside diphosphate kinase,Nucleoside diphosphate kinase B
Nucleoside diphosphate kinase,Nucleoside diphosphate kinase 3
nicotinamide N-methyltransferase,Nicotinamide N-methyltransferase 
non-POU domain-containing octamer-binding protein,Non-POU domain-containing octamer-binding protein
Neurogenic locus notch homolog protein 1,Neurogenic locus notch homolog protein 1 
neurogenic locus notch homolog protein 3,Neurogenic locus notch homolog protein 3
Aminopeptidase,Puromycin-sensitive aminopeptidase
neuronal pentraxin-1,Neuronal pentraxin-1
neuronal pentraxin-2,Neuronal pentraxin-2
nuclear receptor-binding protein,Nuclear receptor-binding protein
Neuropilin,Neuropilin-2
Vesicle-fusing ATPase,Vesicle-fusing ATPase
cytosolic purine 5'-nucleotidase,Cytosolic purine 5'-nucleotidase
5'-nucleotidase,Cytosolic 5'-nucleotidase 3A
5'-nucleotidase,7-methylguanosine phosphate-specific 5'-nucleotidase
ADP-sugar pyrophosphatase,ADP-sugar pyrophosphatase
"ADP-ribose pyrophosphatase, mitochondrial","ADP-ribose pyrophosphatase, mitochondrial"
nuclear transport factor 2,Nuclear transport factor 2
Out at first protein homolog,Out at first protein homolog
Oxoglutarate dehydrogenase (succinyl-transferring),2-oxoglutarate dehydrogenase complex component E1
Mimecan,Mimecan
Obg-like ATPase 1,Obg-like ATPase 1
noelin,Noelin
osteomodulin,Osteomodulin
Alpha-1-acid glycoprotein,Alpha-1-acid glycoprotein 1 
osteoclast-stimulating factor 1,Osteoclast-stimulating factor 1
Succinyl-CoA:3-ketoacid-coenzyme A transferase,"Succinyl-CoA:3-ketoacid coenzyme A transferase 1, mitochondrial"
Protein disulfide-isomerase,Protein disulfide-isomerase
proliferation-associated protein 2G4,Proliferation-associated protein 2G4
Polyadenylate-binding protein,Polyadenylate-binding protein 1
protein-arginine deiminase type-4,Protein-arginine deiminase type-4
Platelet-activating factor acetylhydrolase IB subunit alpha,Platelet-activating factor acetylhydrolase IB subunit beta
platelet-activating factor acetylhydrolase IB subunit beta,Platelet-activating factor acetylhydrolase IB subunit alpha2
Multifunctional protein ADE2,Multifunctional protein ADE2 
Non-specific serine/threonine protein kinase,Serine/threonine-protein kinase PAK 2
peptidyl-glycine alpha-amidating monooxygenase,Peptidyl-alpha-hydroxyglycine alpha-amidating lyase
papilin,Papilin
Maillard deglycase,Parkinson disease protein 7
Multifunctional fusion protein,Protein mono-ADP-ribosyltransferase PARP6 
beta-parvin,Beta-parvin
poly(RC)-binding protein 1,Poly(rC)-binding protein 1
poly(RC)-binding protein 2,Poly(rC)-binding protein 2 
Protein-L-isoaspartate O-methyltransferase,Protein-L-isoaspartate(D-aspartate) O-methyltransferase
procollagen C-endopeptidase enhancer 1,Procollagen C-endopeptidase enhancer 1
procollagen C-endopeptidase enhancer 1,Procollagen C-endopeptidase enhancer 1
phosphatidylcholine transfer protein,Phosphatidylcholine transfer protein
prenylcysteine oxidase 1,Prenylcysteine oxidase 1
programmed cell death protein 10,Programmed cell death protein 10
programmed cell death 6-interacting protein,Programmed cell death 6-interacting protein
Phosphodiesterase,"cGMP-inhibited 3',5'-cyclic phosphodiesterase A"
Phosphodiesterase,"cGMP-specific 3',5'-cyclic phosphodiesterase"
Receptor protein-tyrosine kinase,Platelet-derived growth factor receptor beta
Protein disulfide-isomerase,Protein disulfide-isomerase A3
Protein disulfide-isomerase A4,Protein disulfide-isomerase A4
protein disulfide-isomerase A5,Protein disulfide-isomerase A5
Protein disulfide-isomerase A6,Protein disulfide-isomerase A6
PDZ and LIM domain protein 1,PDZ and LIM domain protein 1
PDZ and LIM domain protein 5,PDZ and LIM domain protein 5
PDZ and LIM domain protein 7,PDZ and LIM domain protein 7
Pyridoxal kinase,Pyridoxal kinase
platelet endothelial aggregation receptor 1,Platelet endothelial aggregation receptor 1
phosphatidylethanolamine-binding protein 1,Phosphatidylethanolamine-binding protein 1
phosphatidylethanolamine-binding protein 4,Phosphatidylethanolamine-binding protein 4
xaa-Pro dipeptidase,Xaa-Pro dipeptidase
C-X-C motif chemokine,Platelet factor 4 
6-phosphofructokinase,"ATP-dependent 6-phosphofructokinase, liver type"
ATP-dependent 6-phosphofructokinase,"ATP-dependent 6-phosphofructokinase, platelet type"
Profilin,Profilin-1
Phosphoglycerate mutase,Phosphoglycerate mutase 1
Phosphoglycerate mutase,Phosphoglycerate mutase 2
"serine/threonine-protein phosphatase PGAM5, mitochondrial","Serine/threonine-protein phosphatase PGAM5, mitochondrial"
"6-phosphogluconate dehydrogenase, decarboxylating","6-phosphogluconate dehydrogenase, decarboxylating"
Phosphoglycerate kinase,Phosphoglycerate kinase 1
Peptidoglycan-recognition protein,Peptidoglycan recognition protein 1
N-acetylmuramoyl-L-alanine amidase,N-acetylmuramoyl-L-alanine amidase
phosphoglucomutase-1,Phosphoglucomutase-1
phosphoglucomutase-2,Phosphopentomutase
"glucose 1,6-bisphosphate synthase","Glucose 1,6-bisphosphate synthase"
Phosphoacetylglucosamine mutase,Phosphoacetylglucosamine mutase
glycerol-3-phosphate phosphatase,Glycerol-3-phosphate phosphatase
Prohibitin,Prohibitin 1
Prohibitin,Prohibitin-2
14 kDa phosphohistidine phosphatase,14 kDa phosphohistidine phosphatase
polymeric immunoglobulin receptor,Polymeric immunoglobulin receptor
"Phosphatidylinositol-4,5-bisphosphate 3-kinase","Phosphatidylinositol 4,5-bisphosphate 3-kinase catalytic subunit gamma isoform"
PITH domain-containing protein 1,PITH domain-containing protein 1
phosphatidylinositol transfer protein alpha,Phosphatidylinositol transfer protein alpha isoform
phosphatidylinositol transfer protein beta,Phosphatidylinositol transfer protein beta isoform
Pyruvate kinase,Pyruvate kinase PKLR
Pyruvate kinase,Pyruvate kinase PKM 
phospholipase A1 member A,Phospholipase A1 member A 
Platelet-activating factor acetylhydrolase,Platelet-activating factor acetylhydrolase
"1-phosphatidylinositol 4,5-bisphosphate phosphodiesterase","1-phosphatidylinositol 4,5-bisphosphate phosphodiesterase beta-3"
"1-phosphatidylinositol 4,5-bisphosphate phosphodiesterase","1-phosphatidylinositol 4,5-bisphosphate phosphodiesterase beta-4"
"1-phosphatidylinositol 4,5-bisphosphate phosphodiesterase gamma","1-phosphatidylinositol 4,5-bisphosphate phosphodiesterase gamma-2"
plectin,Plectin 
pleckstrin,Pleckstrin
pleckstrin homology domain-containing family O member 2,Pleckstrin homology domain-containing family O member 2
Plasminogen,Plasminogen
Perilipin,Perilipin-3
plastin-3,Plastin-3
phospholipid transfer protein,Phospholipid transfer protein
plexin domain-containing protein 1,Plexin domain-containing protein 1
plexin domain-containing protein 2,Plexin domain-containing protein 2
N-fatty-acyl-amino acid synthase/hydrolase PM20D1,N-fatty-acyl-amino acid synthase/hydrolase PM20D1
Purine nucleoside phosphorylase,Purine nucleoside phosphorylase
Paraoxonase,Serum paraoxonase/arylesterase 1
Paraoxonase,Serum paraoxonase/arylesterase 2
periostin,Periostin
Inorganic diphosphatase,Inorganic pyrophosphatase
Peptidyl-prolyl cis-trans isomerase,Peptidyl-prolyl cis-trans isomerase A
Peptidyl-prolyl cis-trans isomerase,Peptidyl-prolyl cis-trans isomerase B
peptidyl-prolyl cis-trans isomerase D,Peptidyl-prolyl cis-trans isomerase D
Peptidyl-prolyl cis-trans isomerase,"Peptidyl-prolyl cis-trans isomerase F, mitochondrial"
Protein-serine/threonine phosphatase,Protein phosphatase 1B
protein phosphatase 1F,Protein phosphatase 1F
Serine/threonine-protein phosphatase,Serine/threonine-protein phosphatase PP1-alpha catalytic subunit
Protein phosphatase 1 regulatory subunit,Protein phosphatase 1 regulatory subunit 12A
protein phosphatase 1 regulatory subunit 7,Protein phosphatase 1 regulatory subunit 7
Serine/threonine-protein phosphatase,Serine/threonine-protein phosphatase 2A catalytic subunit beta isoform
serine/threonine-protein phosphatase 2A 65 kDa regulatory subunit A alpha,Serine/threonine-protein phosphatase 2A 65 kDa regulatory subunit A alpha isoform
Serine/threonine-protein phosphatase,Serine/threonine-protein phosphatase 2B catalytic subunit alpha isoform
Serine/threonine-protein phosphatase,Serine/threonine-protein phosphatase 5
serine/threonine-protein phosphatase 6 regulatory subunit 3,Serine/threonine-protein phosphatase 6 regulatory subunit 3
peroxiredoxin-1,Peroxiredoxin-1
peroxiredoxin-2,Peroxiredoxin-2
"thioredoxin-dependent peroxide reductase, mitochondrial","Thioredoxin-dependent peroxide reductase, mitochondrial"
peroxiredoxin-4,Peroxiredoxin-4
Peroxiredoxin-5,"Peroxiredoxin-5, mitochondrial"
1-Cys peroxiredoxin,Peroxiredoxin-6
prolargin,Prolargin
Prolyl endopeptidase,Prolyl endopeptidase
proteoglycan 3,Proteoglycan 3
proteoglycan 4,Proteoglycan 4
cAMP-dependent protein kinase,cAMP-dependent protein kinase catalytic subunit alpha
cAMP-dependent protein kinase,cAMP-dependent protein kinase catalytic subunit beta
cAMP-dependent protein kinase type I-alpha regulatory subunit,cAMP-dependent protein kinase type I-alpha regulatory subunit
cAMP-dependent protein kinase type II-alpha regulatory subunit,cAMP-dependent protein kinase type II-alpha regulatory subunit
cAMP-dependent protein kinase type II-beta regulatory subunit,cAMP-dependent protein kinase type II-beta regulatory subunit
Protein kinase C,Protein kinase C alpha type
Protein kinase C,Protein kinase C beta type
Protein kinase C,Protein kinase C delta type
cGMP-dependent protein kinase,cGMP-dependent protein kinase 1
Major prion protein,Major prion protein
vitamin K-dependent protein C,Vitamin K-dependent protein C
endothelial protein C receptor,Endothelial protein C receptor
Vitamin K-dependent protein S,Vitamin K-dependent protein S
cationic trypsin,Trypsin-1 
serine protease 29,Putative serine protease 29 
Peroxiredoxin-like 2 activated in M-CSF stimulated monocytes,Peroxiredoxin-like 2A
Proteasome subunit alpha type,Proteasome subunit alpha type-1
Proteasome subunit alpha type,Proteasome subunit alpha type-2
Proteasome subunit alpha type,Proteasome subunit alpha type-3
Proteasome subunit alpha type,Proteasome subunit alpha type-4
Proteasome subunit alpha type,Proteasome subunit alpha type-5
Proteasome subunit alpha type,Proteasome subunit alpha type-6
Proteasome subunit alpha type,Proteasome subunit alpha type-7
Proteasome subunit beta,Proteasome subunit beta type-1
Proteasome subunit beta,Proteasome subunit beta type-1
Proteasome subunit beta,Proteasome subunit beta type-2
Proteasome subunit beta,Proteasome subunit beta type-3
Proteasome subunit beta,Proteasome subunit beta type-4
Proteasome subunit beta,Proteasome subunit beta type-5
Proteasome subunit beta,Proteasome subunit beta type-6
Proteasome subunit beta,Proteasome subunit beta type-7
Proteasome subunit beta,Proteasome subunit beta type-8
26S proteasome regulatory subunit 6A,26S proteasome regulatory subunit 6A
26S proteasome AAA-ATPase subunit RPT3,26S proteasome regulatory subunit 6B
26S proteasome regulatory subunit 8,26S proteasome regulatory subunit 8
26S proteasome regulatory subunit 10B,26S proteasome regulatory subunit 10B
26S proteasome non-ATPase regulatory subunit 2,26S proteasome non-ATPase regulatory subunit 2
26S proteasome non-ATPase regulatory subunit 3,26S proteasome non-ATPase regulatory subunit 3
26S proteasome non-ATPase regulatory subunit 5,26S proteasome non-ATPase regulatory subunit 5
26S proteasome non-ATPase regulatory subunit 6,26S proteasome non-ATPase regulatory subunit 6
26S proteasome non-ATPase regulatory subunit 7,26S proteasome non-ATPase regulatory subunit 7
proteasome activator complex subunit 1,Proteasome activator complex subunit 1
proteasome activator complex subunit 2,Proteasome activator complex subunit 2
Polypyrimidine tract-binding protein 1,Polypyrimidine tract-binding protein 1
Cyclooxygenase-1,Prostaglandin G/H synthase 1
protein tyrosine phosphatase type IVA 2,Protein tyrosine phosphatase type IVA 2
Serine/threonine-protein phosphatase 2A activator,Serine/threonine-protein phosphatase 2A activator
Tyrosine-protein phosphatase non-receptor type,Tyrosine-protein phosphatase non-receptor type 1
Tyrosine-protein phosphatase non-receptor type,Tyrosine-protein phosphatase non-receptor type 11
tyrosine-protein phosphatase non-receptor type 12,Tyrosine-protein phosphatase non-receptor type 12
Protein-tyrosine-phosphatase,Receptor-type tyrosine-protein phosphatase C
Protein-tyrosine-phosphatase,Receptor-type tyrosine-protein phosphatase gamma
Protein-tyrosine-phosphatase,Receptor-type tyrosine-protein phosphatase eta
Protein-tyrosine-phosphatase,Receptor-type tyrosine-protein phosphatase S
pituitary tumor-transforming gene 1 protein-interacting protein,Pituitary tumor-transforming gene 1 protein-interacting protein
pentraxin-related protein PTX3,Pentraxin-related protein PTX3
apoptosis-associated speck-like protein containing a CARD,Apoptosis-associated speck-like protein containing a CARD
Pyrroline-5-carboxylate reductase,"Pyrroline-5-carboxylate reductase 1, mitochondrial"
"Alpha-1,4 glucan phosphorylase","Glycogen phosphorylase, brain form"
"Alpha-1,4 glucan phosphorylase","Glycogen phosphorylase, liver form"
"Alpha-1,4 glucan phosphorylase","Glycogen phosphorylase, muscle form"
pregnancy zone protein,Pregnancy zone protein 
pregnancy zone protein,Pregnancy zone protein
Nicotinate-nucleotide pyrophosphorylase [carboxylating],Nicotinate-nucleotide pyrophosphorylase [carboxylating]
Sulfhydryl oxidase,Sulfhydryl oxidase 1
ras-related protein Rab-10,Ras-related protein Rab-10
ras-related protein Rab-11B,Ras-related protein Rab-11B
Ras-related protein Rab-14,Ras-related protein Rab-14
Ras-related protein Rab-18,Ras-related protein Rab-18
ras-related protein Rab-1A,Ras-related protein Rab-1A
ras-related protein Rab-1B,Ras-related protein Rab-1B
Ras-related protein Rab-21,Ras-related protein Rab-21
Small monomeric GTPase,Ras-related protein Rab-27A
Small monomeric GTPase,Ras-related protein Rab-27B
ras-related protein Rab-2A,Ras-related protein Rab-2A
ras-related protein Rab-37,Ras-related protein Rab-37
ras-related protein Rab-43,Ras-related protein Rab-43
ras-related protein Rab-5C,Ras-related protein Rab-5C
ras-related protein Rab-7a,Ras-related protein Rab-7a
ras-related protein Rab-8A,Ras-related protein Rab-8A
ras-related protein Rab-8B,Ras-related protein Rab-8B
ras-related C3 botulinum toxin substrate 1,Ras-related C3 botulinum toxin substrate 1
ras-related C3 botulinum toxin substrate 2,Ras-related C3 botulinum toxin substrate 2
UV excision repair protein RAD23,UV excision repair protein RAD23 homolog A
Small monomeric GTPase,Ras-related protein Ral-A
Small monomeric GTPase,Ras-related protein Ral-B
GTP-binding nuclear protein Ran,GTP-binding nuclear protein Ran
ran-specific GTPase-activating protein,Ran-specific GTPase-activating protein
ras-related protein Rap-1A,Ras-related protein Rap-1A
ras-related protein Rap-1b,Ras-related protein Rap-1b
Ras-related protein Rap-2,Ras-related protein Rap-2b
retinoic acid receptor responder protein 1,Retinoic acid receptor responder protein 1
Chemerin,Retinoic acid receptor responder protein 2
ras GTPase-activating protein 3,Ras GTPase-activating protein 3
RAS guanyl-releasing protein 2,RAS guanyl-releasing protein 2
RNA-binding protein 12,RNA-binding protein 12 
Retinol-binding protein,Retinol-binding protein 4
protein RCC2,Protein RCC2
reticulocalbin-1,Reticulocalbin-1
radixin,Radixin
Receptor expression-enhancing protein,Receptor expression-enhancing protein 2
Receptor expression-enhancing protein,Receptor expression-enhancing protein 5
lithostathine-like,Lithostathine-1-alpha 
Reelin,Reelin
DNA polymerase zeta catalytic subunit,DNA polymerase zeta catalytic subunit
regulator of G-protein signaling 10,Regulator of G-protein signaling 10
regulator of G-protein signaling 18,Regulator of G-protein signaling 18
ammonium transporter Rh type A,Ammonium transporter Rh type A
transforming protein RhoA,Transforming protein RhoA
rho-related GTP-binding protein RhoF,Rho-related GTP-binding protein RhoF
rho-related GTP-binding protein RhoG,Rho-related GTP-binding protein RhoG
ribonuclease 4,Ribonuclease 4 
ribonuclease K6,Ribonuclease K6
Ribonuclease inhibitor,Ribonuclease inhibitor
aminopeptidase B,Aminopeptidase B
Rho-associated protein kinase 2,Rho-associated protein kinase 2
Ribose-5-phosphate isomerase,Ribose-5-phosphate isomerase
60S ribosomal protein L13a,60S ribosomal protein L13a
Ribosomal protein L15,60S ribosomal protein L15 
60S ribosomal protein L18,60S ribosomal protein L18
60S ribosomal protein L3,60S ribosomal protein L3 
60S ribosomal protein L7a,60S ribosomal protein L7a
60S acidic ribosomal protein P2,60S acidic ribosomal protein P2 
Dolichyl-diphosphooligosaccharide--protein glycosyltransferase subunit 1,Dolichyl-diphosphooligosaccharide--protein glycosyltransferase subunit 1
40S ribosomal protein S12,40S ribosomal protein S12
40S ribosomal protein S13,40S ribosomal protein S13
40S ribosomal protein S14,40S ribosomal protein S14
40S ribosomal protein S16,40S ribosomal protein S16
40S ribosomal protein S2,40S ribosomal protein S2
40S ribosomal protein S20,40S ribosomal protein S20
40S ribosomal protein S24,40S ribosomal protein S24
40S ribosomal protein S26,40S ribosomal protein S26
40S ribosomal protein S28,40S ribosomal protein S28 
40S ribosomal protein S29,40S ribosomal protein S29 
40S ribosomal protein S3,40S ribosomal protein S3
40S ribosomal protein S4,"40S ribosomal protein S4, X isoform"
40S ribosomal protein S7,40S ribosomal protein S7
40S ribosomal protein SA,40S ribosomal protein SA
Ras-related GTP-binding protein,Ras-related GTP-binding protein D
ras suppressor protein 1,Ras suppressor protein 1
Reticulon,Reticulon-3
Reticulon,Reticulon-4
RUN and FYVE domain-containing protein 1,RUN and FYVE domain-containing protein 1
Protein S100,Protein S100-A11
protein S100-A12,Protein S100-A12 
protein S100-A14,Protein S100-A14
Protein S100,Protein S100-A16 
Protein S100,Protein S100-A4
Protein S100,Protein S100-A8
Protein S100,Protein S100-A9
Serum amyloid A protein,Serum amyloid A-1 protein 
Serum amyloid A protein,Serum amyloid A-1 protein 
Serum amyloid A protein,Serum amyloid A-1 protein
phosphatidylinositide phosphatase SAC1,Phosphatidylinositol-3-phosphatase SAC1
GTP-binding protein SAR1b,GTP-binding protein SAR1b
Seryl-tRNA synthetase,"Serine--tRNA ligase, cytoplasmic"
Ribosome maturation protein SBDS,Ribosome maturation protein SBDS
suprabasin,Suprabasin
Secretory carrier-associated membrane protein,Secretory carrier-associated membrane protein 2
Acetyl-CoA C-myristoyltransferase,Sterol carrier protein 2
serine dehydratase,Serine dehydratase-like
GATOR complex protein SEC13,Protein SEC13 homolog
protein transport protein Sec24A,Protein transport protein Sec24A
protein transport protein Sec24B,Protein transport protein Sec24B
methanethiol oxidase,Methanethiol oxidase
Selenoprotein P,Selenoprotein P
L-selectin,L-selectin
P-selectin,P-selectin
P-selectin,P-selectin
semaphorin-4B,Semaphorin-4B
Septin,Septin-2 
Septin,Septin-5 
Septin,Septin-6 
Septin,Septin-7 
plasminogen activator inhibitor 1 RNA-binding protein,Plasminogen activator inhibitor 1 RNA-binding protein
alpha-1-antitrypsin,Alpha-1-antitrypsin 
serpin A11,Serpin A11
alpha-1-antichymotrypsin,Alpha-1-antichymotrypsin
kallistatin,Kallistatin
corticosteroid-binding globulin,Corticosteroid-binding globulin
leukocyte elastase inhibitor,Leukocyte elastase inhibitor
serpin B10,Serpin B10
Serpin B5,Serpin B5
Antithrombin-III,Antithrombin-III
heparin cofactor 2,Heparin cofactor 2
plasminogen activator inhibitor 1,Plasminogen activator inhibitor 1
glia-derived nexin,Glia-derived nexin
pigment epithelium-derived factor,Pigment epithelium-derived factor
alpha-2-antiplasmin,Alpha-2-antiplasmin
plasma protease C1 inhibitor,Plasma protease C1 inhibitor
neuroserpin,Neuroserpin
14-3-3 protein sigma,14-3-3 protein sigma
Sidoreflexin,Sideroflexin-1 
SH3 domain-binding glutamic acid-rich-like protein,SH3 domain-binding glutamic acid-rich-like protein 3
Endophilin-B1,Endophilin-B1
endophilin-B2,Endophilin-B2
nucleotide exchange factor SIL1,Nucleotide exchange factor SIL1
src kinase-associated phosphoprotein 2,Src kinase-associated phosphoprotein 2
S-phase kinase-associated protein 1,S-phase kinase-associated protein 1
mitochondrial 2-oxoglutarate/malate carrier protein,Mitochondrial 2-oxoglutarate/malate carrier protein
calcium-binding mitochondrial carrier protein SCaMC-1,Calcium-binding mitochondrial carrier protein SCaMC-1 
"Phosphate carrier protein, mitochondrial","Phosphate carrier protein, mitochondrial"
ADP/ATP translocase,ADP/ATP translocase 2
ADP/ATP translocase,ADP/ATP translocase 3
"solute carrier family 2, facilitated glucose transporter member 3","Solute carrier family 2, facilitated glucose transporter member 3"
4F2 cell-surface antigen heavy chain,4F2 cell-surface antigen heavy chain
Choline transporter-like protein,Choline transporter-like protein 1
Choline transporter-like protein,Choline transporter-like protein 2
Anion exchange protein,Band 3 anion transport protein
Sodium/hydrogen exchanger,Sodium/hydrogen exchanger 1
Na(+)/H(+) exchange regulatory cofactor NHE-RF,Na(+)/H(+) exchange regulatory cofactor NHE-RF1
Sphingomyelin phosphodiesterase,Sphingomyelin phosphodiesterase
Acid sphingomyelinase-like phosphodiesterase,Acid sphingomyelinase-like phosphodiesterase 3a
Synaptosomal-associated protein,Synaptosomal-associated protein 23
Alpha-synuclein,Alpha-synuclein
Staphylococcal nuclease domain-containing protein,Staphylococcal nuclease domain-containing protein 1
Small nuclear ribonucleoprotein Sm D3,Small nuclear ribonucleoprotein Sm D3 
Sorting nexin-2,Sorting nexin-2
Sorting nexin-3,Sorting nexin-3
sorting nexin-4,Sorting nexin-4
Sorting nexin,Sorting nexin-9
Superoxide dismutase [Cu-Zn],Superoxide dismutase [Cu-Zn]
Superoxide dismutase,"Superoxide dismutase [Mn], mitochondrial"
Superoxide dismutase [Cu-Zn],Extracellular superoxide dismutase [Cu-Zn]
sortilin,Sortilin
Signal peptidase complex subunit 3,Signal peptidase complex subunit 3 
Secreted phosphoprotein 2,Secreted phosphoprotein 24
cornifin-A,Cornifin-A 
"spectrin alpha chain, erythrocytic 1","Spectrin alpha chain, erythrocytic 1"
Spectrin beta chain,"Spectrin beta chain, erythrocytic"
"sulfide:quinone oxidoreductase, mitochondrial","Sulfide:quinone oxidoreductase, mitochondrial"
Tyrosine-protein kinase,Proto-oncogene tyrosine-protein kinase Src
serglycin,Serglycin
sorcin,Sorcin
hsc70-interacting protein,Hsc70-interacting protein
"type 2 lactosamine alpha-2,3-sialyltransferase","Type 2 lactosamine alpha-2,3-sialyltransferase"
stabilin-1,Stabilin-1
Signal transducer and activator of transcription,Signal transducer and activator of transcription 1-alpha/beta
Signal transducer and activator of transcription,Signal transducer and activator of transcription 3
stanniocalcin-2,Stanniocalcin-2
Hsc70/Hsp90-organizing protein,Stress-induced-phosphoprotein 1
serine/threonine-protein kinase 24,Serine/threonine-protein kinase 24
Stathmin,Stathmin
erythrocyte band 7 integral membrane protein,Stomatin
striatin,Striatin
syntaxin-11,Syntaxin-11
syntaxin-7,Syntaxin-7
syntaxin-binding protein 2,Syntaxin-binding protein 2
"Succinate--CoA ligase [ADP-forming] subunit beta, mitochondrial","Succinate--CoA ligase [ADP-forming] subunit beta, mitochondrial"
"Succinate--CoA ligase [ADP/GDP-forming] subunit alpha, mitochondrial","Succinate--CoA ligase [ADP/GDP-forming] subunit alpha, mitochondrial"
Sulfotransferase,Sulfotransferase 1A1 
supervillin,Supervillin
Non-specific protein-tyrosine kinase,Tyrosine-protein kinase SYK
heterogeneous nuclear ribonucleoprotein Q,Heterogeneous nuclear ribonucleoprotein Q
synaptophysin-like protein 1,Synaptophysin-like protein 1
synaptotagmin-like protein 4,Synaptotagmin-like protein 4
Transgelin,Transgelin
Transgelin,Transgelin-2
Transaldolase,Transaldolase
serine/threonine-protein kinase TAO3,Serine/threonine-protein kinase TAO3
Threonyl-tRNA synthetase,"Threonine--tRNA ligase 1, cytoplasmic"
Tubulin-specific chaperone A,Tubulin-specific chaperone A
Tubulin-folding cofactor B,Tubulin-folding cofactor B
Tubulin-specific chaperone D,Tubulin-specific chaperone D
transducin beta-like protein 2,Transducin beta-like protein 2
thromboxane-A synthase,Thromboxane-A synthase
transcobalamin-2,Transcobalamin-2
CCT-alpha,T-complex protein 1 subunit alpha
Testin,Testin
Beta-1 metal-binding globulin,Serotransferrin 
Transferrin receptor protein 1,Transferrin receptor protein 1
Thyroglobulin,Thyroglobulin
Transforming growth factor beta,Transforming growth factor beta-1 proprotein [Cleaved into: Latency-associated peptide
transforming growth factor beta-1-induced transcript 1 protein,Transforming growth factor beta-1-induced transcript 1 protein
Transforming growth factor-beta-induced protein ig-h3,Transforming growth factor-beta-induced protein ig-h3
protein-glutamine gamma-glutamyltransferase K,Protein-glutamine gamma-glutamyltransferase K
trans-Golgi network integral membrane protein 2,Trans-Golgi network integral membrane protein 2
trans-Golgi network integral membrane protein 2,Trans-Golgi network integral membrane protein 2
thrombospondin-1,Thrombospondin-1
thrombospondin-2,Thrombospondin-2
thrombospondin-4,Thrombospondin-4
thimet oligopeptidase,Thimet oligopeptidase
T-cell immunoglobulin and mucin domain-containing protein 4,T-cell immunoglobulin and mucin domain-containing protein 4
Mitochondrial import inner membrane translocase subunit TIM50,Mitochondrial import inner membrane translocase subunit TIM50
Metalloproteinase inhibitor 1,Metalloproteinase inhibitor 1
Metalloproteinase inhibitor 2,Metalloproteinase inhibitor 2
transketolase,Transketolase
talin-1,Talin-1
transmembrane emp24 domain-containing protein 2,Transmembrane emp24 domain-containing protein 2
transmembrane emp24 domain-containing protein 4,Transmembrane emp24 domain-containing protein 4
transmembrane emp24 domain-containing protein 9,Transmembrane emp24 domain-containing protein 9 
Protein kish,Protein kish-A
Cell cycle control protein 50A,Cell cycle control protein 50A
transmembrane protein 33,Transmembrane protein 33
transmembrane protein 40,Transmembrane protein 40
tropomodulin-3,Tropomodulin-3
transmembrane protease serine 13,Transmembrane protease serine 13
thioredoxin-related transmembrane protein 1,Thioredoxin-related transmembrane protein 1
tenascin,Tenascin
TRAF2 and NCK-interacting protein kinase,TRAF2 and NCK-interacting protein kinase
"troponin I, slow skeletal muscle","Troponin I, slow skeletal muscle"
"troponin I, fast skeletal muscle","Troponin I, fast skeletal muscle"
"Troponin T, fast skeletal muscle","Troponin T, fast skeletal muscle"
tenascin-X,Tenascin-X
mitochondrial import receptor subunit TOM70,Mitochondrial import receptor subunit TOM70 
Triosephosphate isomerase,Triosephosphate isomerase
tropomyosin alpha-1 chain,Tropomyosin alpha-1 chain
tropomyosin alpha-1 chain,Tropomyosin alpha-1 chain
tropomyosin alpha-3 chain,Tropomyosin alpha-3 chain
tropomyosin alpha-4 chain,Tropomyosin alpha-4 chain
Tripeptidyl-peptidase 2,Tripeptidyl-peptidase 2
trem-like transcript 1 protein,Trem-like transcript 1 protein
short transient receptor potential channel 6,Short transient receptor potential channel 6
Tetraspanin,Tetraspanin-14
tetraspanin-9,Tetraspanin-9
Tetratricopeptide repeat protein 38,Tetratricopeptide repeat protein 38
tubulin--tyrosine ligase-like protein 12,Tubulin--tyrosine ligase-like protein 12
titin,Titin
Transthyretin,Transthyretin
Tubulin alpha chain,Tubulin alpha-1B chain
Tubulin alpha chain,Tubulin alpha-1C chain 
Tubulin alpha chain,Tubulin alpha-4A chain 
Tubulin alpha chain,Tubulin alpha chain-like 3
Tubulin beta chain,Tubulin beta chain
Tubulin beta chain,Tubulin beta-1 chain
Tubulin beta chain,Tubulin beta-2A chain
Tubulin beta chain,Tubulin beta-4A chain 
Tubulin beta chain,Tubulin beta-4B chain
Elongation factor Tu,"Elongation factor Tu, mitochondrial"
twinfilin-1,Twinfilin-1
Thioredoxin,Thioredoxin
thioredoxin domain-containing protein 5,Thioredoxin domain-containing protein 5
thioredoxin-like protein 1,Thioredoxin-like protein 1
Thioredoxin-disulfide reductase,"Thioredoxin reductase 1, cytoplasmic"
Thioredoxin-disulfide reductase,"Thioredoxin reductase 2, mitochondrial"
Ubiquitin-activating enzyme E1,Ubiquitin-like modifier-activating enzyme 1
Ubiquitin A-52 residue ribosomal protein fusion product 1,Ubiquitin-60S ribosomal protein L40
E3 ubiquitin-protein ligase subunit KPC2,Ubiquitin-associated domain-containing protein 1
ubiquitin-associated and SH3 domain-containing protein B,Ubiquitin-associated and SH3 domain-containing protein B
ubiquitin-conjugating enzyme E2 D3,Ubiquitin-conjugating enzyme E2 D3
ubiquitin-conjugating enzyme E2 L3,Ubiquitin-conjugating enzyme E2 L3
ubiquitin-conjugating enzyme E2 N,Ubiquitin-conjugating enzyme E2 N
(E3-independent) E2 ubiquitin-conjugating enzyme,(E3-independent) E2 ubiquitin-conjugating enzyme
ubiquitin-conjugating enzyme E2 variant 1,Ubiquitin-conjugating enzyme E2 variant 1
Ubiquitin-fold modifier-conjugating enzyme 1,Ubiquitin-fold modifier-conjugating enzyme 1
UTP--glucose-1-phosphate uridylyltransferase,UTP--glucose-1-phosphate uridylyltransferase
Serine/threonine-protein kinase ULK3,Serine/threonine-protein kinase ULK3
Uridine 5'-monophosphate synthase,Uridine 5'-monophosphate synthase
protein unc-13 homolog D,Protein unc-13 homolog D
regulator of nonsense transcripts 1,Regulator of nonsense transcripts 1
Complex III subunit 9,Cytochrome b-c1 complex subunit 9
"cytochrome b-c1 complex subunit 1, mitochondrial","Cytochrome b-c1 complex subunit 1, mitochondrial "
"cytochrome b-c1 complex subunit 2, mitochondrial","Cytochrome b-c1 complex subunit 2, mitochondrial "
Ubiquitinyl hydrolase 1,Ubiquitin carboxyl-terminal hydrolase 1
Ubiquitin carboxyl-terminal hydrolase,Ubiquitin carboxyl-terminal hydrolase 14
Ubiquitin carboxyl-terminal hydrolase,Ubiquitin carboxyl-terminal hydrolase 5
vesicle-associated membrane protein 7,Vesicle-associated membrane protein 7
vesicle-associated membrane protein-associated protein A,Vesicle-associated membrane protein-associated protein A
vasorin,Vasorin
vasodilator-stimulated phosphoprotein,Vasodilator-stimulated phosphoprotein
vasodilator-stimulated phosphoprotein,Vasodilator-stimulated phosphoprotein
synaptic vesicle membrane protein VAT-1 homolog,Synaptic vesicle membrane protein VAT-1 homolog
Prefoldin subunit 3,Prefoldin subunit 3
vascular cell adhesion protein 1,Vascular cell adhesion protein 1
Metavinculin,Vinculin
15S Mg(2+)-ATPase p97 subunit,Transitional endoplasmic reticulum ATPase
Voltage-dependent anion-selective channel protein 1,Voltage-dependent anion-selective channel protein 1
Voltage-dependent anion-selective channel protein 2,Voltage-dependent anion-selective channel protein 2
Voltage-dependent anion-selective channel protein 3,Voltage-dependent anion-selective channel protein 3
Vimentin,Vimentin
vascular non-inflammatory molecule 3,vascular non-inflammatory molecule 3 
immunoglobulin iota chain,Immunoglobulin iota chain 
vacuolar protein sorting-associated protein 13C,Intermembrane lipid transfer protein VPS13C
vacuolar protein sorting-associated protein 26A,Vacuolar protein sorting-associated protein 26A
vacuolar protein sorting-associated protein 26B,Vacuolar protein sorting-associated protein 26B
Vacuolar protein sorting-associated protein 29,Vacuolar protein sorting-associated protein 29
Vacuolar protein sorting-associated protein 35,Vacuolar protein sorting-associated protein 35
Vesicle-fusing ATPase,Vacuolar protein sorting-associated protein 4B
vitronectin,Vitronectin
von Willebrand factor C and EGF domain-containing protein,von Willebrand factor C and EGF domain-containing protein
von Willebrand factor,von Willebrand factor
"Tryptophan--tRNA ligase, cytoplasmic","Tryptophan--tRNA ligase, cytoplasmic"
wiskott-Aldrich syndrome protein,Wiskott-Aldrich syndrome protein
Wiskott-Aldrich syndrome protein family member,Wiskott-Aldrich syndrome protein family member 3
WW domain-binding protein 2,WW domain-binding protein 2
WD repeat-containing protein 1,WD repeat-containing protein 1
WD repeat-containing protein 13,WD repeat-containing protein 13
"WAP, Kazal, immunoglobulin, Kunitz and NTR domain-containing protein 2","WAP, Kazal, immunoglobulin, Kunitz and NTR domain-containing protein 2"
skin-specific protein 32,Skin-specific protein 32 
xaa-Pro aminopeptidase 1,Xaa-Pro aminopeptidase 1 
exportin-1,Exportin-1
Tyrosine--tRNA ligase,"Tyrosine--tRNA ligase, cytoplasmic, N-terminally processed"
synaptobrevin homolog YKT6,Synaptobrevin homolog YKT6
14-3-3 protein beta/alpha,14-3-3 protein beta/alpha
14-3-3 protein epsilon,14-3-3 protein epsilon
14-3-3 protein gamma,14-3-3 protein gamma
14-3-3 protein eta,14-3-3 protein eta
14-3-3 protein theta,14-3-3 protein theta
14-3-3 protein zeta/delta,14-3-3 protein zeta/delta
ZBED6 C-terminal-like protein,ZBED6 C-terminal-like protein
zyxin,Zyxin
